Method,R_e,A@e,RA@e,max info loss,gini threshold,p value
SPH,1,0.3566666666666667,1.0,0.1,,
SPH,2,0.5233333333333333,1.3184713375796178,0.1,,
SPH,3,0.6,1.5333333333333334,0.1,,
SPH,4,0.65,1.7230769230769232,0.1,,
SPH,5,0.6866666666666666,1.8980582524271843,0.1,,
SPH,6,0.71,2.032863849765258,0.1,,
SPH,7,0.7266666666666667,2.146788990825688,0.1,,
SPH,8,0.75,2.328888888888889,0.1,,
SPH,9,0.7733333333333333,2.530172413793104,0.1,,
SPH,10,0.7966666666666666,2.748953974895397,0.1,,
SPH,1,0.3566666666666667,1.0,0.15,,
SPH,2,0.5266666666666666,1.3227848101265822,0.15,,
SPH,3,0.6166666666666667,1.5675675675675675,0.15,,
SPH,4,0.6833333333333333,1.804878048780488,0.15,,
SPH,5,0.7066666666666667,1.910377358490566,0.15,,
SPH,6,0.7333333333333333,2.059090909090909,0.15,,
SPH,7,0.7633333333333333,2.2532751091703056,0.15,,
SPH,8,0.7833333333333333,2.4,0.15,,
SPH,9,0.8033333333333333,2.564315352697096,0.15,,
SPH,10,0.8166666666666667,2.685714285714285,0.15,,
SPH,1,0.36,1.0,0.2,,
SPH,2,0.5333333333333333,1.325,0.2,,
SPH,3,0.6133333333333333,1.5434782608695652,0.2,,
SPH,4,0.6966666666666667,1.83732057416268,0.2,,
SPH,5,0.7233333333333334,1.953917050691244,0.2,,
SPH,6,0.7566666666666667,2.13215859030837,0.2,,
SPH,7,0.79,2.3375527426160336,0.2,,
SPH,8,0.8066666666666666,2.4545454545454546,0.2,,
SPH,9,0.83,2.63855421686747,0.2,,
SPH,10,0.8433333333333334,2.7549407114624507,0.2,,
SPH,1,0.3666666666666666,1.0,0.25,,
SPH,2,0.5333333333333333,1.3125,0.25,,
SPH,3,0.61,1.524590163934426,0.25,,
SPH,4,0.6966666666666667,1.832535885167464,0.25,,
SPH,5,0.72,1.935185185185185,0.25,,
SPH,6,0.7566666666666667,2.13215859030837,0.25,,
SPH,7,0.7866666666666666,2.317796610169492,0.25,,
SPH,8,0.8033333333333333,2.4356846473029043,0.25,,
SPH,9,0.82,2.569105691056911,0.25,,
SPH,10,0.83,2.65863453815261,0.25,,
SPH,1,0.37,1.0,0.3,,
SPH,2,0.5366666666666666,1.31055900621118,0.3,,
SPH,3,0.6133333333333333,1.5217391304347827,0.3,,
SPH,4,0.7,1.8285714285714283,0.3,,
SPH,5,0.7233333333333334,1.9308755760368663,0.3,,
SPH,6,0.76,2.1271929824561404,0.3,,
SPH,7,0.7866666666666666,2.292372881355932,0.3,,
SPH,8,0.8033333333333333,2.4107883817427385,0.3,,
SPH,9,0.82,2.544715447154472,0.3,,
SPH,10,0.8266666666666667,2.6048387096774195,0.3,,
SPH,1,0.3966666666666666,1.0,0.35,,
SPH,2,0.57,1.304093567251462,0.35,,
SPH,3,0.6733333333333333,1.5643564356435644,0.35,,
SPH,4,0.7233333333333334,1.7327188940092166,0.35,,
SPH,5,0.76,1.8903508771929824,0.35,,
SPH,6,0.7966666666666666,2.079497907949791,0.35,,
SPH,7,0.8066666666666666,2.1404958677685952,0.35,,
SPH,8,0.8266666666666667,2.282258064516129,0.35,,
SPH,9,0.84,2.3888888888888893,0.35,,
SPH,10,0.8533333333333334,2.5078125,0.35,,
SPH,1,0.3866666666666666,1.0,0.4,,
SPH,2,0.56,1.3095238095238095,0.4,,
SPH,3,0.63,1.4973544973544974,0.4,,
SPH,4,0.7166666666666667,1.8,0.4,,
SPH,5,0.7333333333333333,1.8727272727272728,0.4,,
SPH,6,0.77,2.069264069264069,0.4,,
SPH,7,0.7966666666666666,2.2343096234309625,0.4,,
SPH,8,0.8166666666666667,2.3755102040816327,0.4,,
SPH,9,0.8333333333333334,2.508,0.4,,
SPH,10,0.84,2.5674603174603177,0.4,,
RF+B,1,0.3233333333333333,1.0,,,
RF+B,2,0.4666666666666667,1.2797202797202798,,,
RF+B,3,0.5833333333333334,1.5942857142857143,,,
RF+B,4,0.6366666666666667,1.7958115183246073,,,
RF+B,5,0.6866666666666666,1.9852216748768472,,,
RF+B,6,0.7266666666666667,2.0628019323671496,,,
RF+B,7,0.7466666666666667,2.179245283018868,,,
RF+B,8,0.76,2.4414414414414414,,,
RF+B,9,0.7866666666666667,2.5,,,
RF+B,10,0.81,2.957272727272727,,,
SPH+CPI,1,0.34,1.0,0.1,0.2,0.7
SPH+CPI,2,0.4766666666666667,1.2867132867132869,0.1,0.2,0.7
SPH+CPI,3,0.5666666666666667,1.5588235294117647,0.1,0.2,0.7
SPH+CPI,4,0.6233333333333333,1.7807486631016043,0.1,0.2,0.7
SPH+CPI,5,0.6733333333333333,2.01980198019802,0.1,0.2,0.7
SPH+CPI,6,0.7,2.171428571428572,0.1,0.2,0.7
SPH+CPI,7,0.7266666666666667,2.3486238532110093,0.1,0.2,0.7
SPH+CPI,8,0.75,2.5244444444444443,0.1,0.2,0.7
SPH+CPI,9,0.7633333333333333,2.6375545851528384,0.1,0.2,0.7
SPH+CPI,10,0.7733333333333333,2.7327586206896552,0.1,0.2,0.7
SPH+CPI,1,0.3166666666666666,1.0,0.1,0.2,0.75
SPH+CPI,2,0.4866666666666667,1.3493150684931507,0.1,0.2,0.75
SPH+CPI,3,0.5533333333333333,1.5481927710843373,0.1,0.2,0.75
SPH+CPI,4,0.62,1.811827956989248,0.1,0.2,0.75
SPH+CPI,5,0.6766666666666666,2.078817733990148,0.1,0.2,0.75
SPH+CPI,6,0.69,2.154589371980676,0.1,0.2,0.75
SPH+CPI,7,0.7133333333333334,2.3130841121495327,0.1,0.2,0.75
SPH+CPI,8,0.7366666666666667,2.493212669683258,0.1,0.2,0.75
SPH+CPI,9,0.75,2.608888888888889,0.1,0.2,0.75
SPH+CPI,10,0.77,2.8008658008658007,0.1,0.2,0.75
SPH+CPI,1,0.34,1.0,0.1,0.2,0.8
SPH+CPI,2,0.4733333333333333,1.2816901408450705,0.1,0.2,0.8
SPH+CPI,3,0.5633333333333334,1.5562130177514792,0.1,0.2,0.8
SPH+CPI,4,0.6066666666666667,1.7307692307692308,0.1,0.2,0.8
SPH+CPI,5,0.6533333333333333,1.9642857142857144,0.1,0.2,0.8
SPH+CPI,6,0.6866666666666666,2.1601941747572817,0.1,0.2,0.8
SPH+CPI,7,0.7166666666666667,2.362790697674418,0.1,0.2,0.8
SPH+CPI,8,0.73,2.4657534246575343,0.1,0.2,0.8
SPH+CPI,9,0.7533333333333333,2.668141592920354,0.1,0.2,0.8
SPH+CPI,10,0.7766666666666666,2.888412017167382,0.1,0.2,0.8
SPH+CPI,1,0.3166666666666666,1.0,0.1,0.2,0.85
SPH+CPI,2,0.4433333333333333,1.2857142857142858,0.1,0.2,0.85
SPH+CPI,3,0.5233333333333333,1.5477707006369428,0.1,0.2,0.85
SPH+CPI,4,0.5966666666666667,1.8491620111731844,0.1,0.2,0.85
SPH+CPI,5,0.6566666666666666,2.137055837563452,0.1,0.2,0.85
SPH+CPI,6,0.6766666666666666,2.251231527093596,0.1,0.2,0.85
SPH+CPI,7,0.7,2.4095238095238094,0.1,0.2,0.85
SPH+CPI,8,0.7133333333333334,2.514018691588785,0.1,0.2,0.85
SPH+CPI,9,0.73,2.6621004566210047,0.1,0.2,0.85
SPH+CPI,10,0.76,2.951754385964912,0.1,0.2,0.85
SPH+CPI,1,0.2566666666666666,1.0,0.1,0.2,0.9
SPH+CPI,2,0.4066666666666667,1.3688524590163935,0.1,0.2,0.9
SPH+CPI,3,0.4833333333333333,1.6275862068965516,0.1,0.2,0.9
SPH+CPI,4,0.5466666666666666,1.902439024390244,0.1,0.2,0.9
SPH+CPI,5,0.6233333333333333,2.283422459893048,0.1,0.2,0.9
SPH+CPI,6,0.68,2.593137254901961,0.1,0.2,0.9
SPH+CPI,7,0.7066666666666667,2.759433962264151,0.1,0.2,0.9
SPH+CPI,8,0.7266666666666667,2.903669724770642,0.1,0.2,0.9
SPH+CPI,9,0.7533333333333333,3.1194690265486726,0.1,0.2,0.9
SPH+CPI,10,0.7733333333333333,3.2974137931034484,0.1,0.2,0.9
SPH+CPI,1,0.3433333333333333,1.0,0.1,0.25,0.7
SPH+CPI,2,0.4733333333333333,1.2746478873239435,0.1,0.25,0.7
SPH+CPI,3,0.5666666666666667,1.5588235294117647,0.1,0.25,0.7
SPH+CPI,4,0.6233333333333333,1.7807486631016043,0.1,0.25,0.7
SPH+CPI,5,0.6633333333333333,1.9748743718592965,0.1,0.25,0.7
SPH+CPI,6,0.6966666666666667,2.167464114832536,0.1,0.25,0.7
SPH+CPI,7,0.7266666666666667,2.36697247706422,0.1,0.25,0.7
SPH+CPI,8,0.7466666666666667,2.517857142857143,0.1,0.25,0.7
SPH+CPI,9,0.76,2.631578947368421,0.1,0.25,0.7
SPH+CPI,10,0.7733333333333333,2.7586206896551726,0.1,0.25,0.7
SPH+CPI,1,0.32,1.0,0.1,0.25,0.75
SPH+CPI,2,0.4833333333333333,1.3379310344827586,0.1,0.25,0.75
SPH+CPI,3,0.5533333333333333,1.5481927710843373,0.1,0.25,0.75
SPH+CPI,4,0.62,1.811827956989248,0.1,0.25,0.75
SPH+CPI,5,0.6666666666666666,2.035,0.1,0.25,0.75
SPH+CPI,6,0.6866666666666666,2.150485436893204,0.1,0.25,0.75
SPH+CPI,7,0.7133333333333334,2.33177570093458,0.1,0.25,0.75
SPH+CPI,8,0.7333333333333333,2.4863636363636363,0.1,0.25,0.75
SPH+CPI,9,0.7466666666666667,2.602678571428572,0.1,0.25,0.75
SPH+CPI,10,0.77,2.826839826839827,0.1,0.25,0.75
SPH+CPI,1,0.3433333333333333,1.0,0.1,0.25,0.8
SPH+CPI,2,0.4766666666666667,1.2797202797202798,0.1,0.25,0.8
SPH+CPI,3,0.5666666666666667,1.5529411764705885,0.1,0.25,0.8
SPH+CPI,4,0.6066666666666667,1.7142857142857142,0.1,0.25,0.8
SPH+CPI,5,0.6466666666666666,1.9175257731958764,0.1,0.25,0.8
SPH+CPI,6,0.6833333333333333,2.1365853658536587,0.1,0.25,0.8
SPH+CPI,7,0.7166666666666667,2.362790697674418,0.1,0.25,0.8
SPH+CPI,8,0.7266666666666667,2.440366972477064,0.1,0.25,0.8
SPH+CPI,9,0.75,2.6444444444444444,0.1,0.25,0.8
SPH+CPI,10,0.7766666666666666,2.8969957081545066,0.1,0.25,0.8
SPH+CPI,1,0.32,1.0,0.1,0.25,0.85
SPH+CPI,2,0.4466666666666666,1.2835820895522387,0.1,0.25,0.85
SPH+CPI,3,0.5266666666666666,1.5443037974683544,0.1,0.25,0.85
SPH+CPI,4,0.5966666666666667,1.832402234636872,0.1,0.25,0.85
SPH+CPI,5,0.65,2.0923076923076924,0.1,0.25,0.85
SPH+CPI,6,0.6733333333333333,2.227722772277228,0.1,0.25,0.85
SPH+CPI,7,0.7,2.4095238095238094,0.1,0.25,0.85
SPH+CPI,8,0.71,2.488262910798122,0.1,0.25,0.85
SPH+CPI,9,0.7266666666666667,2.6376146788990824,0.1,0.25,0.85
SPH+CPI,10,0.76,2.960526315789474,0.1,0.25,0.85
SPH+CPI,1,0.26,1.0,0.1,0.25,0.9
SPH+CPI,2,0.41,1.3658536585365857,0.1,0.25,0.9
SPH+CPI,3,0.4833333333333333,1.6137931034482758,0.1,0.25,0.9
SPH+CPI,4,0.5433333333333333,1.8773006134969328,0.1,0.25,0.9
SPH+CPI,5,0.6166666666666667,2.2486486486486488,0.1,0.25,0.9
SPH+CPI,6,0.68,2.5980392156862746,0.1,0.25,0.9
SPH+CPI,7,0.71,2.784037558685446,0.1,0.25,0.9
SPH+CPI,8,0.7233333333333334,2.880184331797235,0.1,0.25,0.9
SPH+CPI,9,0.75,3.097777777777778,0.1,0.25,0.9
SPH+CPI,10,0.7733333333333333,3.306034482758621,0.1,0.25,0.9
SPH+CPI,1,0.3433333333333333,1.0,0.1,0.3,0.7
SPH+CPI,2,0.4733333333333333,1.2746478873239435,0.1,0.3,0.7
SPH+CPI,3,0.5666666666666667,1.5588235294117647,0.1,0.3,0.7
SPH+CPI,4,0.6266666666666667,1.7925531914893618,0.1,0.3,0.7
SPH+CPI,5,0.6633333333333333,1.969849246231156,0.1,0.3,0.7
SPH+CPI,6,0.6966666666666667,2.1626794258373208,0.1,0.3,0.7
SPH+CPI,7,0.7266666666666667,2.3623853211009176,0.1,0.3,0.7
SPH+CPI,8,0.7466666666666667,2.513392857142857,0.1,0.3,0.7
SPH+CPI,9,0.76,2.6271929824561404,0.1,0.3,0.7
SPH+CPI,10,0.7733333333333333,2.7543103448275863,0.1,0.3,0.7
SPH+CPI,1,0.3266666666666666,1.0,0.1,0.3,0.75
SPH+CPI,2,0.4833333333333333,1.3241379310344827,0.1,0.3,0.75
SPH+CPI,3,0.5533333333333333,1.536144578313253,0.1,0.3,0.75
SPH+CPI,4,0.62,1.8010752688172045,0.1,0.3,0.75
SPH+CPI,5,0.6666666666666666,2.025,0.1,0.3,0.75
SPH+CPI,6,0.6866666666666666,2.1407766990291264,0.1,0.3,0.75
SPH+CPI,7,0.7133333333333334,2.322429906542056,0.1,0.3,0.75
SPH+CPI,8,0.7333333333333333,2.477272727272727,0.1,0.3,0.75
SPH+CPI,9,0.7466666666666667,2.59375,0.1,0.3,0.75
SPH+CPI,10,0.77,2.8181818181818183,0.1,0.3,0.75
SPH+CPI,1,0.35,1.0,0.1,0.3,0.8
SPH+CPI,2,0.4766666666666667,1.2657342657342658,0.1,0.3,0.8
SPH+CPI,3,0.5666666666666667,1.5411764705882354,0.1,0.3,0.8
SPH+CPI,4,0.6066666666666667,1.7032967032967032,0.1,0.3,0.8
SPH+CPI,5,0.6466666666666666,1.907216494845361,0.1,0.3,0.8
SPH+CPI,6,0.6833333333333333,2.126829268292683,0.1,0.3,0.8
SPH+CPI,7,0.7166666666666667,2.353488372093023,0.1,0.3,0.8
SPH+CPI,8,0.7266666666666667,2.4311926605504586,0.1,0.3,0.8
SPH+CPI,9,0.75,2.6355555555555554,0.1,0.3,0.8
SPH+CPI,10,0.7766666666666666,2.888412017167382,0.1,0.3,0.8
SPH+CPI,1,0.3266666666666666,1.0,0.1,0.3,0.85
SPH+CPI,2,0.4466666666666666,1.2686567164179106,0.1,0.3,0.85
SPH+CPI,3,0.5266666666666666,1.5316455696202531,0.1,0.3,0.85
SPH+CPI,4,0.5966666666666667,1.8212290502793296,0.1,0.3,0.85
SPH+CPI,5,0.65,2.082051282051282,0.1,0.3,0.85
SPH+CPI,6,0.6733333333333333,2.217821782178218,0.1,0.3,0.85
SPH+CPI,7,0.7,2.4,0.1,0.3,0.85
SPH+CPI,8,0.71,2.4788732394366195,0.1,0.3,0.85
SPH+CPI,9,0.7266666666666667,2.628440366972477,0.1,0.3,0.85
SPH+CPI,10,0.76,2.951754385964912,0.1,0.3,0.85
SPH+CPI,1,0.2666666666666666,1.0,0.1,0.3,0.9
SPH+CPI,2,0.41,1.3495934959349594,0.1,0.3,0.9
SPH+CPI,3,0.4833333333333333,1.6,0.1,0.3,0.9
SPH+CPI,4,0.5433333333333333,1.8650306748466257,0.1,0.3,0.9
SPH+CPI,5,0.6166666666666667,2.2378378378378376,0.1,0.3,0.9
SPH+CPI,6,0.68,2.588235294117647,0.1,0.3,0.9
SPH+CPI,7,0.71,2.7746478873239435,0.1,0.3,0.9
SPH+CPI,8,0.7233333333333334,2.870967741935484,0.1,0.3,0.9
SPH+CPI,9,0.75,3.088888888888889,0.1,0.3,0.9
SPH+CPI,10,0.7733333333333333,3.2974137931034484,0.1,0.3,0.9
SPH+CPI,1,0.3433333333333333,1.0,0.1,0.35,0.7
SPH+CPI,2,0.48,1.2847222222222223,0.1,0.35,0.7
SPH+CPI,3,0.5666666666666667,1.5470588235294118,0.1,0.35,0.7
SPH+CPI,4,0.6233333333333333,1.7700534759358288,0.1,0.35,0.7
SPH+CPI,5,0.66,1.9494949494949487,0.1,0.35,0.7
SPH+CPI,6,0.6933333333333334,2.144230769230769,0.1,0.35,0.7
SPH+CPI,7,0.7233333333333334,2.345622119815668,0.1,0.35,0.7
SPH+CPI,8,0.7533333333333333,2.570796460176992,0.1,0.35,0.7
SPH+CPI,9,0.7733333333333333,2.737068965517241,0.1,0.35,0.7
SPH+CPI,10,0.7866666666666666,2.860169491525424,0.1,0.35,0.7
SPH+CPI,1,0.3366666666666666,1.0,0.1,0.35,0.75
SPH+CPI,2,0.49,1.3129251700680271,0.1,0.35,0.75
SPH+CPI,3,0.5566666666666666,1.5149700598802396,0.1,0.35,0.75
SPH+CPI,4,0.6266666666666667,1.7925531914893618,0.1,0.35,0.75
SPH+CPI,5,0.6666666666666666,1.985,0.1,0.35,0.75
SPH+CPI,6,0.69,2.1207729468599035,0.1,0.35,0.75
SPH+CPI,7,0.7133333333333334,2.2803738317757007,0.1,0.35,0.75
SPH+CPI,8,0.7366666666666667,2.4615384615384617,0.1,0.35,0.75
SPH+CPI,9,0.76,2.662280701754386,0.1,0.35,0.75
SPH+CPI,10,0.7866666666666666,2.9110169491525424,0.1,0.35,0.75
SPH+CPI,1,0.3633333333333333,1.0,0.1,0.35,0.8
SPH+CPI,2,0.4966666666666666,1.2684563758389262,0.1,0.35,0.8
SPH+CPI,3,0.58,1.5172413793103448,0.1,0.35,0.8
SPH+CPI,4,0.62,1.6774193548387095,0.1,0.35,0.8
SPH+CPI,5,0.66,1.878787878787879,0.1,0.35,0.8
SPH+CPI,6,0.7,2.1142857142857143,0.1,0.35,0.8
SPH+CPI,7,0.73,2.315068493150685,0.1,0.35,0.8
SPH+CPI,8,0.75,2.466666666666667,0.1,0.35,0.8
SPH+CPI,9,0.7766666666666666,2.69098712446352,0.1,0.35,0.8
SPH+CPI,10,0.8033333333333333,2.933609958506224,0.1,0.35,0.8
SPH+CPI,1,0.34,1.0,0.1,0.35,0.85
SPH+CPI,2,0.4666666666666667,1.2714285714285714,0.1,0.35,0.85
SPH+CPI,3,0.54,1.5061728395061729,0.1,0.35,0.85
SPH+CPI,4,0.61,1.7923497267759565,0.1,0.35,0.85
SPH+CPI,5,0.6633333333333333,2.050251256281407,0.1,0.35,0.85
SPH+CPI,6,0.69,2.2028985507246377,0.1,0.35,0.85
SPH+CPI,7,0.7133333333333334,2.3598130841121496,0.1,0.35,0.85
SPH+CPI,8,0.7333333333333333,2.513636363636364,0.1,0.35,0.85
SPH+CPI,9,0.7533333333333333,2.685840707964602,0.1,0.35,0.85
SPH+CPI,10,0.7866666666666666,2.9957627118644066,0.1,0.35,0.85
SPH+CPI,1,0.2866666666666667,1.0,0.1,0.35,0.9
SPH+CPI,2,0.4366666666666666,1.3435114503816794,0.1,0.35,0.9
SPH+CPI,3,0.5066666666666667,1.5723684210526316,0.1,0.35,0.9
SPH+CPI,4,0.57,1.8421052631578947,0.1,0.35,0.9
SPH+CPI,5,0.6333333333333333,2.1578947368421053,0.1,0.35,0.9
SPH+CPI,6,0.68,2.42156862745098,0.1,0.35,0.9
SPH+CPI,7,0.71,2.615023474178404,0.1,0.35,0.9
SPH+CPI,8,0.73,2.7625570776255706,0.1,0.35,0.9
SPH+CPI,9,0.76,3.008771929824561,0.1,0.35,0.9
SPH+CPI,10,0.7866666666666666,3.2457627118644066,0.1,0.35,0.9
SPH+CPI,1,0.3433333333333333,1.0,0.1,0.4,0.7
SPH+CPI,2,0.48,1.2847222222222223,0.1,0.4,0.7
SPH+CPI,3,0.5666666666666667,1.5470588235294118,0.1,0.4,0.7
SPH+CPI,4,0.6233333333333333,1.7700534759358288,0.1,0.4,0.7
SPH+CPI,5,0.66,1.9494949494949487,0.1,0.4,0.7
SPH+CPI,6,0.6933333333333334,2.144230769230769,0.1,0.4,0.7
SPH+CPI,7,0.7233333333333334,2.345622119815668,0.1,0.4,0.7
SPH+CPI,8,0.7533333333333333,2.570796460176992,0.1,0.4,0.7
SPH+CPI,9,0.7733333333333333,2.737068965517241,0.1,0.4,0.7
SPH+CPI,10,0.7866666666666666,2.860169491525424,0.1,0.4,0.7
SPH+CPI,1,0.3366666666666666,1.0,0.1,0.4,0.75
SPH+CPI,2,0.49,1.3129251700680271,0.1,0.4,0.75
SPH+CPI,3,0.5566666666666666,1.5149700598802396,0.1,0.4,0.75
SPH+CPI,4,0.6266666666666667,1.7925531914893618,0.1,0.4,0.75
SPH+CPI,5,0.6666666666666666,1.985,0.1,0.4,0.75
SPH+CPI,6,0.69,2.1207729468599035,0.1,0.4,0.75
SPH+CPI,7,0.7133333333333334,2.2803738317757007,0.1,0.4,0.75
SPH+CPI,8,0.7366666666666667,2.4615384615384617,0.1,0.4,0.75
SPH+CPI,9,0.76,2.662280701754386,0.1,0.4,0.75
SPH+CPI,10,0.7866666666666666,2.9110169491525424,0.1,0.4,0.75
SPH+CPI,1,0.3633333333333333,1.0,0.1,0.4,0.8
SPH+CPI,2,0.4966666666666666,1.2684563758389262,0.1,0.4,0.8
SPH+CPI,3,0.58,1.5172413793103448,0.1,0.4,0.8
SPH+CPI,4,0.62,1.6774193548387095,0.1,0.4,0.8
SPH+CPI,5,0.66,1.878787878787879,0.1,0.4,0.8
SPH+CPI,6,0.7,2.1142857142857143,0.1,0.4,0.8
SPH+CPI,7,0.73,2.315068493150685,0.1,0.4,0.8
SPH+CPI,8,0.75,2.466666666666667,0.1,0.4,0.8
SPH+CPI,9,0.7766666666666666,2.69098712446352,0.1,0.4,0.8
SPH+CPI,10,0.8033333333333333,2.933609958506224,0.1,0.4,0.8
SPH+CPI,1,0.34,1.0,0.1,0.4,0.85
SPH+CPI,2,0.4666666666666667,1.2714285714285714,0.1,0.4,0.85
SPH+CPI,3,0.54,1.5061728395061729,0.1,0.4,0.85
SPH+CPI,4,0.61,1.7923497267759565,0.1,0.4,0.85
SPH+CPI,5,0.6633333333333333,2.050251256281407,0.1,0.4,0.85
SPH+CPI,6,0.69,2.2028985507246377,0.1,0.4,0.85
SPH+CPI,7,0.7133333333333334,2.3598130841121496,0.1,0.4,0.85
SPH+CPI,8,0.7333333333333333,2.513636363636364,0.1,0.4,0.85
SPH+CPI,9,0.7533333333333333,2.685840707964602,0.1,0.4,0.85
SPH+CPI,10,0.7866666666666666,2.9957627118644066,0.1,0.4,0.85
SPH+CPI,1,0.2866666666666667,1.0,0.1,0.4,0.9
SPH+CPI,2,0.4366666666666666,1.3435114503816794,0.1,0.4,0.9
SPH+CPI,3,0.5066666666666667,1.5723684210526316,0.1,0.4,0.9
SPH+CPI,4,0.57,1.8421052631578947,0.1,0.4,0.9
SPH+CPI,5,0.6333333333333333,2.1578947368421053,0.1,0.4,0.9
SPH+CPI,6,0.68,2.42156862745098,0.1,0.4,0.9
SPH+CPI,7,0.71,2.615023474178404,0.1,0.4,0.9
SPH+CPI,8,0.73,2.7625570776255706,0.1,0.4,0.9
SPH+CPI,9,0.76,3.008771929824561,0.1,0.4,0.9
SPH+CPI,10,0.7866666666666666,3.2457627118644066,0.1,0.4,0.9
SPH+CPI,1,0.3366666666666666,1.0,0.15,0.2,0.7
SPH+CPI,2,0.5,1.3266666666666669,0.15,0.2,0.7
SPH+CPI,3,0.61,1.628415300546448,0.15,0.2,0.7
SPH+CPI,4,0.6633333333333333,1.8190954773869348,0.15,0.2,0.7
SPH+CPI,5,0.7066666666666667,2.0141509433962264,0.15,0.2,0.7
SPH+CPI,6,0.72,2.087962962962963,0.15,0.2,0.7
SPH+CPI,7,0.7466666666666667,2.263392857142857,0.15,0.2,0.7
SPH+CPI,8,0.7766666666666666,2.484978540772532,0.15,0.2,0.7
SPH+CPI,9,0.8033333333333333,2.7012448132780085,0.15,0.2,0.7
SPH+CPI,10,0.8233333333333334,2.878542510121457,0.15,0.2,0.7
SPH+CPI,1,0.3333333333333333,1.0,0.15,0.2,0.75
SPH+CPI,2,0.5,1.3333333333333333,0.15,0.2,0.75
SPH+CPI,3,0.6066666666666667,1.6263736263736264,0.15,0.2,0.75
SPH+CPI,4,0.67,1.8507462686567164,0.15,0.2,0.75
SPH+CPI,5,0.7066666666666667,2.0141509433962264,0.15,0.2,0.75
SPH+CPI,6,0.7133333333333334,2.0514018691588785,0.15,0.2,0.75
SPH+CPI,7,0.74,2.22972972972973,0.15,0.2,0.75
SPH+CPI,8,0.7666666666666667,2.430434782608696,0.15,0.2,0.75
SPH+CPI,9,0.7866666666666666,2.597457627118644,0.15,0.2,0.75
SPH+CPI,10,0.8133333333333334,2.8401639344262297,0.15,0.2,0.75
SPH+CPI,1,0.32,1.0,0.15,0.2,0.8
SPH+CPI,2,0.4766666666666667,1.3286713286713288,0.15,0.2,0.8
SPH+CPI,3,0.5933333333333334,1.6573033707865168,0.15,0.2,0.8
SPH+CPI,4,0.6533333333333333,1.8724489795918369,0.15,0.2,0.8
SPH+CPI,5,0.6966666666666667,2.0669856459330145,0.15,0.2,0.8
SPH+CPI,6,0.7133333333333334,2.1588785046728973,0.15,0.2,0.8
SPH+CPI,7,0.7433333333333333,2.3542600896860986,0.15,0.2,0.8
SPH+CPI,8,0.76,2.4780701754385963,0.15,0.2,0.8
SPH+CPI,9,0.7866666666666666,2.699152542372881,0.15,0.2,0.8
SPH+CPI,10,0.8066666666666666,2.8801652892561984,0.15,0.2,0.8
SPH+CPI,1,0.3066666666666666,1.0,0.15,0.2,0.85
SPH+CPI,2,0.46,1.3333333333333333,0.15,0.2,0.85
SPH+CPI,3,0.5666666666666667,1.6470588235294117,0.15,0.2,0.85
SPH+CPI,4,0.6433333333333333,1.927461139896373,0.15,0.2,0.85
SPH+CPI,5,0.68,2.093137254901961,0.15,0.2,0.85
SPH+CPI,6,0.7066666666666667,2.240566037735849,0.15,0.2,0.85
SPH+CPI,7,0.7366666666666667,2.434389140271493,0.15,0.2,0.85
SPH+CPI,8,0.75,2.533333333333333,0.15,0.2,0.85
SPH+CPI,9,0.7733333333333333,2.728448275862069,0.15,0.2,0.85
SPH+CPI,10,0.7933333333333333,2.911764705882353,0.15,0.2,0.85
SPH+CPI,1,0.32,1.0,0.15,0.2,0.9
SPH+CPI,2,0.46,1.3043478260869563,0.15,0.2,0.9
SPH+CPI,3,0.5433333333333333,1.5644171779141105,0.15,0.2,0.9
SPH+CPI,4,0.6366666666666667,1.9214659685863875,0.15,0.2,0.9
SPH+CPI,5,0.6833333333333333,2.131707317073171,0.15,0.2,0.9
SPH+CPI,6,0.7233333333333334,2.345622119815668,0.15,0.2,0.9
SPH+CPI,7,0.7433333333333333,2.4708520179372195,0.15,0.2,0.9
SPH+CPI,8,0.76,2.5921052631578947,0.15,0.2,0.9
SPH+CPI,9,0.79,2.835443037974684,0.15,0.2,0.9
SPH+CPI,10,0.8033333333333333,2.954356846473029,0.15,0.2,0.9
SPH+CPI,1,0.3466666666666667,1.0,0.15,0.25,0.7
SPH+CPI,2,0.5033333333333333,1.3112582781456954,0.15,0.25,0.7
SPH+CPI,3,0.61,1.6065573770491803,0.15,0.25,0.7
SPH+CPI,4,0.6633333333333333,1.798994974874372,0.15,0.25,0.7
SPH+CPI,5,0.7,1.9666666666666663,0.15,0.25,0.7
SPH+CPI,6,0.7266666666666667,2.114678899082569,0.15,0.25,0.7
SPH+CPI,7,0.7566666666666667,2.308370044052864,0.15,0.25,0.7
SPH+CPI,8,0.78,2.4786324786324787,0.15,0.25,0.7
SPH+CPI,9,0.8,2.6416666666666666,0.15,0.25,0.7
SPH+CPI,10,0.82,2.821138211382114,0.15,0.25,0.7
SPH+CPI,1,0.3433333333333333,1.0,0.15,0.25,0.75
SPH+CPI,2,0.5033333333333333,1.3178807947019868,0.15,0.25,0.75
SPH+CPI,3,0.6066666666666667,1.6043956043956045,0.15,0.25,0.75
SPH+CPI,4,0.67,1.8308457711442787,0.15,0.25,0.75
SPH+CPI,5,0.7,1.9666666666666663,0.15,0.25,0.75
SPH+CPI,6,0.72,2.078703703703704,0.15,0.25,0.75
SPH+CPI,7,0.75,2.275555555555556,0.15,0.25,0.75
SPH+CPI,8,0.77,2.4242424242424243,0.15,0.25,0.75
SPH+CPI,9,0.7833333333333333,2.5361702127659576,0.15,0.25,0.75
SPH+CPI,10,0.81,2.7818930041152266,0.15,0.25,0.75
SPH+CPI,1,0.33,1.0,0.15,0.25,0.8
SPH+CPI,2,0.4866666666666667,1.321917808219178,0.15,0.25,0.8
SPH+CPI,3,0.5966666666666667,1.6312849162011174,0.15,0.25,0.8
SPH+CPI,4,0.6533333333333333,1.836734693877551,0.15,0.25,0.8
SPH+CPI,5,0.6933333333333334,2.019230769230769,0.15,0.25,0.8
SPH+CPI,6,0.72,2.1666666666666665,0.15,0.25,0.8
SPH+CPI,7,0.7533333333333333,2.380530973451328,0.15,0.25,0.8
SPH+CPI,8,0.7633333333333333,2.4541484716157207,0.15,0.25,0.8
SPH+CPI,9,0.7833333333333333,2.6212765957446806,0.15,0.25,0.8
SPH+CPI,10,0.8033333333333333,2.804979253112033,0.15,0.25,0.8
SPH+CPI,1,0.3133333333333333,1.0,0.15,0.25,0.85
SPH+CPI,2,0.4633333333333333,1.3237410071942446,0.15,0.25,0.85
SPH+CPI,3,0.57,1.6374269005847952,0.15,0.25,0.85
SPH+CPI,4,0.6433333333333333,1.906735751295337,0.15,0.25,0.85
SPH+CPI,5,0.6766666666666666,2.0591133004926108,0.15,0.25,0.85
SPH+CPI,6,0.7133333333333334,2.2616822429906542,0.15,0.25,0.85
SPH+CPI,7,0.7466666666666667,2.4732142857142856,0.15,0.25,0.85
SPH+CPI,8,0.7566666666666667,2.5462555066079293,0.15,0.25,0.85
SPH+CPI,9,0.7733333333333333,2.685344827586207,0.15,0.25,0.85
SPH+CPI,10,0.7933333333333333,2.869747899159664,0.15,0.25,0.85
SPH+CPI,1,0.3266666666666666,1.0,0.15,0.25,0.9
SPH+CPI,2,0.4633333333333333,1.2949640287769784,0.15,0.25,0.9
SPH+CPI,3,0.5433333333333333,1.5460122699386505,0.15,0.25,0.9
SPH+CPI,4,0.6333333333333333,1.894736842105263,0.15,0.25,0.9
SPH+CPI,5,0.68,2.107843137254902,0.15,0.25,0.9
SPH+CPI,6,0.7333333333333333,2.390909090909091,0.15,0.25,0.9
SPH+CPI,7,0.7566666666666667,2.5330396475770924,0.15,0.25,0.9
SPH+CPI,8,0.7666666666666667,2.6043478260869564,0.15,0.25,0.9
SPH+CPI,9,0.79,2.7932489451476794,0.15,0.25,0.9
SPH+CPI,10,0.8033333333333333,2.912863070539419,0.15,0.25,0.9
SPH+CPI,1,0.3533333333333333,1.0,0.15,0.3,0.7
SPH+CPI,2,0.51,1.30718954248366,0.15,0.3,0.7
SPH+CPI,3,0.6166666666666667,1.6,0.15,0.3,0.7
SPH+CPI,4,0.6666666666666666,1.78,0.15,0.3,0.7
SPH+CPI,5,0.7,1.933333333333333,0.15,0.3,0.7
SPH+CPI,6,0.7266666666666667,2.0825688073394497,0.15,0.3,0.7
SPH+CPI,7,0.7566666666666667,2.2775330396475773,0.15,0.3,0.7
SPH+CPI,8,0.78,2.448717948717949,0.15,0.3,0.7
SPH+CPI,9,0.8,2.6125,0.15,0.3,0.7
SPH+CPI,10,0.82,2.792682926829268,0.15,0.3,0.7
SPH+CPI,1,0.3566666666666667,1.0,0.15,0.3,0.75
SPH+CPI,2,0.51,1.300653594771242,0.15,0.3,0.75
SPH+CPI,3,0.6133333333333333,1.5869565217391304,0.15,0.3,0.75
SPH+CPI,4,0.67,1.791044776119403,0.15,0.3,0.75
SPH+CPI,5,0.7,1.9285714285714288,0.15,0.3,0.75
SPH+CPI,6,0.72,2.0416666666666665,0.15,0.3,0.75
SPH+CPI,7,0.75,2.24,0.15,0.3,0.75
SPH+CPI,8,0.77,2.389610389610389,0.15,0.3,0.75
SPH+CPI,9,0.7833333333333333,2.502127659574468,0.15,0.3,0.75
SPH+CPI,10,0.81,2.748971193415638,0.15,0.3,0.75
SPH+CPI,1,0.3433333333333333,1.0,0.15,0.3,0.8
SPH+CPI,2,0.4933333333333333,1.304054054054054,0.15,0.3,0.8
SPH+CPI,3,0.6033333333333334,1.6132596685082874,0.15,0.3,0.8
SPH+CPI,4,0.6533333333333333,1.7959183673469388,0.15,0.3,0.8
SPH+CPI,5,0.6933333333333334,1.9807692307692308,0.15,0.3,0.8
SPH+CPI,6,0.72,2.1296296296296298,0.15,0.3,0.8
SPH+CPI,7,0.7533333333333333,2.345132743362832,0.15,0.3,0.8
SPH+CPI,8,0.7633333333333333,2.4192139737991267,0.15,0.3,0.8
SPH+CPI,9,0.7833333333333333,2.587234042553192,0.15,0.3,0.8
SPH+CPI,10,0.8033333333333333,2.771784232365145,0.15,0.3,0.8
SPH+CPI,1,0.3266666666666666,1.0,0.15,0.3,0.85
SPH+CPI,2,0.47,1.3049645390070923,0.15,0.3,0.85
SPH+CPI,3,0.5766666666666667,1.6184971098265897,0.15,0.3,0.85
SPH+CPI,4,0.6433333333333333,1.865284974093264,0.15,0.3,0.85
SPH+CPI,5,0.6766666666666666,2.019704433497537,0.15,0.3,0.85
SPH+CPI,6,0.7133333333333334,2.2242990654205608,0.15,0.3,0.85
SPH+CPI,7,0.7466666666666667,2.4375,0.15,0.3,0.85
SPH+CPI,8,0.7566666666666667,2.511013215859031,0.15,0.3,0.85
SPH+CPI,9,0.7733333333333333,2.6508620689655173,0.15,0.3,0.85
SPH+CPI,10,0.7933333333333333,2.8361344537815127,0.15,0.3,0.85
SPH+CPI,1,0.34,1.0,0.15,0.3,0.9
SPH+CPI,2,0.47,1.2765957446808511,0.15,0.3,0.9
SPH+CPI,3,0.55,1.5272727272727271,0.15,0.3,0.9
SPH+CPI,4,0.6333333333333333,1.8526315789473684,0.15,0.3,0.9
SPH+CPI,5,0.68,2.0686274509803924,0.15,0.3,0.9
SPH+CPI,6,0.7333333333333333,2.3545454545454545,0.15,0.3,0.9
SPH+CPI,7,0.7566666666666667,2.497797356828194,0.15,0.3,0.9
SPH+CPI,8,0.7666666666666667,2.5695652173913044,0.15,0.3,0.9
SPH+CPI,9,0.79,2.759493670886076,0.15,0.3,0.9
SPH+CPI,10,0.8033333333333333,2.879668049792531,0.15,0.3,0.9
SPH+CPI,1,0.3533333333333333,1.0,0.15,0.35,0.7
SPH+CPI,2,0.5133333333333333,1.3116883116883118,0.15,0.35,0.7
SPH+CPI,3,0.6133333333333333,1.5869565217391304,0.15,0.35,0.7
SPH+CPI,4,0.66,1.7575757575757576,0.15,0.35,0.7
SPH+CPI,5,0.6933333333333334,1.9134615384615383,0.15,0.35,0.7
SPH+CPI,6,0.72,2.064814814814815,0.15,0.35,0.7
SPH+CPI,7,0.75,2.2622222222222224,0.15,0.35,0.7
SPH+CPI,8,0.78,2.482905982905983,0.15,0.35,0.7
SPH+CPI,9,0.8033333333333333,2.672199170124481,0.15,0.35,0.7
SPH+CPI,10,0.8233333333333334,2.8502024291497974,0.15,0.35,0.7
SPH+CPI,1,0.3566666666666667,1.0,0.15,0.35,0.75
SPH+CPI,2,0.5033333333333333,1.2913907284768211,0.15,0.35,0.75
SPH+CPI,3,0.61,1.5901639344262295,0.15,0.35,0.75
SPH+CPI,4,0.6666666666666666,1.795,0.15,0.35,0.75
SPH+CPI,5,0.7,1.947619047619048,0.15,0.35,0.75
SPH+CPI,6,0.72,2.060185185185185,0.15,0.35,0.75
SPH+CPI,7,0.75,2.2577777777777777,0.15,0.35,0.75
SPH+CPI,8,0.77,2.406926406926407,0.15,0.35,0.75
SPH+CPI,9,0.79,2.573839662447257,0.15,0.35,0.75
SPH+CPI,10,0.82,2.845528455284553,0.15,0.35,0.75
SPH+CPI,1,0.3433333333333333,1.0,0.15,0.35,0.8
SPH+CPI,2,0.4966666666666666,1.308724832214765,0.15,0.35,0.8
SPH+CPI,3,0.6066666666666667,1.6153846153846154,0.15,0.35,0.8
SPH+CPI,4,0.6566666666666666,1.7969543147208122,0.15,0.35,0.8
SPH+CPI,5,0.7,1.995238095238096,0.15,0.35,0.8
SPH+CPI,6,0.7266666666666667,2.142201834862385,0.15,0.35,0.8
SPH+CPI,7,0.76,2.3552631578947367,0.15,0.35,0.8
SPH+CPI,8,0.7766666666666666,2.476394849785408,0.15,0.35,0.8
SPH+CPI,9,0.7966666666666666,2.640167364016736,0.15,0.35,0.8
SPH+CPI,10,0.8166666666666667,2.820408163265306,0.15,0.35,0.8
SPH+CPI,1,0.3266666666666666,1.0,0.15,0.35,0.85
SPH+CPI,2,0.4733333333333333,1.3098591549295775,0.15,0.35,0.85
SPH+CPI,3,0.58,1.6206896551724137,0.15,0.35,0.85
SPH+CPI,4,0.6466666666666666,1.865979381443299,0.15,0.35,0.85
SPH+CPI,5,0.6833333333333333,2.0341463414634147,0.15,0.35,0.85
SPH+CPI,6,0.72,2.236111111111111,0.15,0.35,0.85
SPH+CPI,7,0.7533333333333333,2.446902654867257,0.15,0.35,0.85
SPH+CPI,8,0.77,2.567099567099567,0.15,0.35,0.85
SPH+CPI,9,0.7866666666666666,2.7033898305084745,0.15,0.35,0.85
SPH+CPI,10,0.8066666666666666,2.884297520661157,0.15,0.35,0.85
SPH+CPI,1,0.34,1.0,0.15,0.35,0.9
SPH+CPI,2,0.47,1.2765957446808511,0.15,0.35,0.9
SPH+CPI,3,0.55,1.5272727272727271,0.15,0.35,0.9
SPH+CPI,4,0.6366666666666667,1.8638743455497384,0.15,0.35,0.9
SPH+CPI,5,0.6833333333333333,2.078048780487805,0.15,0.35,0.9
SPH+CPI,6,0.7266666666666667,2.311926605504587,0.15,0.35,0.9
SPH+CPI,7,0.75,2.457777777777778,0.15,0.35,0.9
SPH+CPI,8,0.7666666666666667,2.5782608695652174,0.15,0.35,0.9
SPH+CPI,9,0.7966666666666666,2.8200836820083683,0.15,0.35,0.9
SPH+CPI,10,0.81,2.938271604938272,0.15,0.35,0.9
SPH+CPI,1,0.3433333333333333,1.0,0.15,0.4,0.7
SPH+CPI,2,0.5133333333333333,1.3311688311688312,0.15,0.4,0.7
SPH+CPI,3,0.63,1.6402116402116402,0.15,0.4,0.7
SPH+CPI,4,0.6766666666666666,1.8029556650246303,0.15,0.4,0.7
SPH+CPI,5,0.7066666666666667,1.9386792452830188,0.15,0.4,0.7
SPH+CPI,6,0.73,2.068493150684932,0.15,0.4,0.7
SPH+CPI,7,0.7566666666666667,2.2422907488986783,0.15,0.4,0.7
SPH+CPI,8,0.78,2.4145299145299144,0.15,0.4,0.7
SPH+CPI,9,0.7933333333333333,2.5252100840336134,0.15,0.4,0.7
SPH+CPI,10,0.8166666666666667,2.7387755102040816,0.15,0.4,0.7
SPH+CPI,1,0.3533333333333333,1.0,0.15,0.4,0.75
SPH+CPI,2,0.5133333333333333,1.3116883116883118,0.15,0.4,0.75
SPH+CPI,3,0.6266666666666667,1.6170212765957446,0.15,0.4,0.75
SPH+CPI,4,0.6766666666666666,1.793103448275862,0.15,0.4,0.75
SPH+CPI,5,0.7066666666666667,1.929245283018868,0.15,0.4,0.75
SPH+CPI,6,0.7266666666666667,2.041284403669725,0.15,0.4,0.75
SPH+CPI,7,0.7533333333333333,2.2168141592920354,0.15,0.4,0.75
SPH+CPI,8,0.77,2.341991341991342,0.15,0.4,0.75
SPH+CPI,9,0.79,2.510548523206752,0.15,0.4,0.75
SPH+CPI,10,0.8166666666666667,2.7551020408163267,0.15,0.4,0.75
SPH+CPI,1,0.34,1.0,0.15,0.4,0.8
SPH+CPI,2,0.5066666666666667,1.3289473684210529,0.15,0.4,0.8
SPH+CPI,3,0.6233333333333333,1.641711229946524,0.15,0.4,0.8
SPH+CPI,4,0.6666666666666666,1.795,0.15,0.4,0.8
SPH+CPI,5,0.7066666666666667,1.9764150943396224,0.15,0.4,0.8
SPH+CPI,6,0.7333333333333333,2.122727272727273,0.15,0.4,0.8
SPH+CPI,7,0.7633333333333333,2.314410480349345,0.15,0.4,0.8
SPH+CPI,8,0.7766666666666666,2.412017167381974,0.15,0.4,0.8
SPH+CPI,9,0.7966666666666666,2.577405857740586,0.15,0.4,0.8
SPH+CPI,10,0.8133333333333334,2.729508196721312,0.15,0.4,0.8
SPH+CPI,1,0.3333333333333333,1.0,0.15,0.4,0.85
SPH+CPI,2,0.49,1.3197278911564625,0.15,0.4,0.85
SPH+CPI,3,0.6133333333333333,1.6576086956521738,0.15,0.4,0.85
SPH+CPI,4,0.67,1.855721393034826,0.15,0.4,0.85
SPH+CPI,5,0.7,1.9904761904761905,0.15,0.4,0.85
SPH+CPI,6,0.7266666666666667,2.1376146788990824,0.15,0.4,0.85
SPH+CPI,7,0.7566666666666667,2.330396475770925,0.15,0.4,0.85
SPH+CPI,8,0.77,2.4285714285714284,0.15,0.4,0.85
SPH+CPI,9,0.7866666666666666,2.567796610169492,0.15,0.4,0.85
SPH+CPI,10,0.8066666666666666,2.75206611570248,0.15,0.4,0.85
SPH+CPI,1,0.3433333333333333,1.0,0.15,0.4,0.9
SPH+CPI,2,0.4866666666666667,1.2945205479452055,0.15,0.4,0.9
SPH+CPI,3,0.5933333333333334,1.601123595505618,0.15,0.4,0.9
SPH+CPI,4,0.6466666666666666,1.7989690721649485,0.15,0.4,0.9
SPH+CPI,5,0.69,2.0,0.15,0.4,0.9
SPH+CPI,6,0.72,2.1666666666666665,0.15,0.4,0.9
SPH+CPI,7,0.7466666666666667,2.3392857142857144,0.15,0.4,0.9
SPH+CPI,8,0.7633333333333333,2.462882096069869,0.15,0.4,0.9
SPH+CPI,9,0.7933333333333333,2.710084033613445,0.15,0.4,0.9
SPH+CPI,10,0.81,2.860082304526749,0.15,0.4,0.9
SPH+CPI,1,0.3266666666666666,1.0,0.2,0.2,0.7
SPH+CPI,2,0.5133333333333333,1.3636363636363635,0.2,0.2,0.7
SPH+CPI,3,0.62,1.6451612903225807,0.2,0.2,0.7
SPH+CPI,4,0.6766666666666666,1.8423645320197044,0.2,0.2,0.7
SPH+CPI,5,0.7333333333333333,2.0863636363636364,0.2,0.2,0.7
SPH+CPI,6,0.7466666666666667,2.15625,0.2,0.2,0.7
SPH+CPI,7,0.7733333333333333,2.3232758620689653,0.2,0.2,0.7
SPH+CPI,8,0.8033333333333333,2.5352697095435683,0.2,0.2,0.7
SPH+CPI,9,0.83,2.7429718875502007,0.2,0.2,0.7
SPH+CPI,10,0.85,2.9137254901960783,0.2,0.2,0.7
SPH+CPI,1,0.3233333333333333,1.0,0.2,0.2,0.75
SPH+CPI,2,0.52,1.3782051282051282,0.2,0.2,0.75
SPH+CPI,3,0.6133333333333333,1.625,0.2,0.2,0.75
SPH+CPI,4,0.6833333333333333,1.8682926829268287,0.2,0.2,0.75
SPH+CPI,5,0.73,2.068493150684932,0.2,0.2,0.75
SPH+CPI,6,0.7433333333333333,2.1390134529147984,0.2,0.2,0.75
SPH+CPI,7,0.77,2.307359307359308,0.2,0.2,0.75
SPH+CPI,8,0.7933333333333333,2.474789915966386,0.2,0.2,0.75
SPH+CPI,9,0.8066666666666666,2.5826446280991737,0.2,0.2,0.75
SPH+CPI,10,0.8333333333333334,2.82,0.2,0.2,0.75
SPH+CPI,1,0.31,1.0,0.2,0.2,0.8
SPH+CPI,2,0.4966666666666666,1.3758389261744963,0.2,0.2,0.8
SPH+CPI,3,0.6,1.6555555555555554,0.2,0.2,0.8
SPH+CPI,4,0.6666666666666666,1.89,0.2,0.2,0.8
SPH+CPI,5,0.7166666666666667,2.1069767441860465,0.2,0.2,0.8
SPH+CPI,6,0.7366666666666667,2.2126696832579187,0.2,0.2,0.8
SPH+CPI,7,0.7666666666666667,2.4,0.2,0.2,0.8
SPH+CPI,8,0.7866666666666666,2.542372881355932,0.2,0.2,0.8
SPH+CPI,9,0.81,2.728395061728395,0.2,0.2,0.8
SPH+CPI,10,0.8266666666666667,2.875,0.2,0.2,0.8
SPH+CPI,1,0.31,1.0,0.2,0.2,0.85
SPH+CPI,2,0.4833333333333333,1.3586206896551725,0.2,0.2,0.85
SPH+CPI,3,0.5833333333333334,1.64,0.2,0.2,0.85
SPH+CPI,4,0.6566666666666666,1.9035532994923856,0.2,0.2,0.85
SPH+CPI,5,0.7,2.095238095238096,0.2,0.2,0.85
SPH+CPI,6,0.7333333333333333,2.272727272727273,0.2,0.2,0.85
SPH+CPI,7,0.7633333333333333,2.458515283842795,0.2,0.2,0.85
SPH+CPI,8,0.78,2.576923076923077,0.2,0.2,0.85
SPH+CPI,9,0.8033333333333333,2.763485477178423,0.2,0.2,0.85
SPH+CPI,10,0.82,2.910569105691057,0.2,0.2,0.85
SPH+CPI,1,0.32,1.0,0.2,0.2,0.9
SPH+CPI,2,0.4833333333333333,1.3379310344827586,0.2,0.2,0.9
SPH+CPI,3,0.57,1.590643274853801,0.2,0.2,0.9
SPH+CPI,4,0.6533333333333333,1.8979591836734693,0.2,0.2,0.9
SPH+CPI,5,0.7033333333333334,2.118483412322275,0.2,0.2,0.9
SPH+CPI,6,0.7366666666666667,2.294117647058824,0.2,0.2,0.9
SPH+CPI,7,0.7633333333333333,2.458515283842795,0.2,0.2,0.9
SPH+CPI,8,0.79,2.6455696202531644,0.2,0.2,0.9
SPH+CPI,9,0.8166666666666667,2.853061224489796,0.2,0.2,0.9
SPH+CPI,10,0.8266666666666667,2.939516129032258,0.2,0.2,0.9
SPH+CPI,1,0.3333333333333333,1.0,0.2,0.25,0.7
SPH+CPI,2,0.51,1.34640522875817,0.2,0.25,0.7
SPH+CPI,3,0.62,1.6397849462365592,0.2,0.25,0.7
SPH+CPI,4,0.6766666666666666,1.8374384236453205,0.2,0.25,0.7
SPH+CPI,5,0.7266666666666667,2.055045871559633,0.2,0.25,0.7
SPH+CPI,6,0.75,2.1777777777777776,0.2,0.25,0.7
SPH+CPI,7,0.78,2.363247863247864,0.2,0.25,0.7
SPH+CPI,8,0.8066666666666666,2.549586776859504,0.2,0.25,0.7
SPH+CPI,9,0.83,2.7309236947791167,0.2,0.25,0.7
SPH+CPI,10,0.85,2.9019607843137254,0.2,0.25,0.7
SPH+CPI,1,0.33,1.0,0.2,0.25,0.75
SPH+CPI,2,0.5166666666666667,1.3612903225806452,0.2,0.25,0.75
SPH+CPI,3,0.6133333333333333,1.6195652173913044,0.2,0.25,0.75
SPH+CPI,4,0.6833333333333333,1.8634146341463416,0.2,0.25,0.75
SPH+CPI,5,0.7233333333333334,2.0368663594470044,0.2,0.25,0.75
SPH+CPI,6,0.7466666666666667,2.1607142857142856,0.2,0.25,0.75
SPH+CPI,7,0.7766666666666666,2.347639484978541,0.2,0.25,0.75
SPH+CPI,8,0.7966666666666666,2.489539748953975,0.2,0.25,0.75
SPH+CPI,9,0.8066666666666666,2.5702479338842976,0.2,0.25,0.75
SPH+CPI,10,0.8333333333333334,2.808,0.2,0.25,0.75
SPH+CPI,1,0.3166666666666666,1.0,0.2,0.25,0.8
SPH+CPI,2,0.5,1.3666666666666667,0.2,0.25,0.8
SPH+CPI,3,0.6033333333333334,1.6464088397790055,0.2,0.25,0.8
SPH+CPI,4,0.6666666666666666,1.87,0.2,0.25,0.8
SPH+CPI,5,0.7133333333333334,2.074766355140187,0.2,0.25,0.8
SPH+CPI,6,0.74,2.216216216216216,0.2,0.25,0.8
SPH+CPI,7,0.7733333333333333,2.4224137931034484,0.2,0.25,0.8
SPH+CPI,8,0.79,2.540084388185654,0.2,0.25,0.8
SPH+CPI,9,0.81,2.699588477366256,0.2,0.25,0.8
SPH+CPI,10,0.8266666666666667,2.846774193548387,0.2,0.25,0.8
SPH+CPI,1,0.3166666666666666,1.0,0.2,0.25,0.85
SPH+CPI,2,0.4866666666666667,1.3493150684931507,0.2,0.25,0.85
SPH+CPI,3,0.5866666666666667,1.630681818181818,0.2,0.25,0.85
SPH+CPI,4,0.6566666666666666,1.883248730964467,0.2,0.25,0.85
SPH+CPI,5,0.6966666666666667,2.062200956937799,0.2,0.25,0.85
SPH+CPI,6,0.7366666666666667,2.276018099547511,0.2,0.25,0.85
SPH+CPI,7,0.77,2.4805194805194803,0.2,0.25,0.85
SPH+CPI,8,0.7833333333333333,2.574468085106383,0.2,0.25,0.85
SPH+CPI,9,0.8033333333333333,2.7344398340248963,0.2,0.25,0.85
SPH+CPI,10,0.82,2.882113821138212,0.2,0.25,0.85
SPH+CPI,1,0.3266666666666666,1.0,0.2,0.25,0.9
SPH+CPI,2,0.4866666666666667,1.3287671232876712,0.2,0.25,0.9
SPH+CPI,3,0.57,1.5730994152046784,0.2,0.25,0.9
SPH+CPI,4,0.65,1.871794871794872,0.2,0.25,0.9
SPH+CPI,5,0.7,2.095238095238096,0.2,0.25,0.9
SPH+CPI,6,0.7433333333333333,2.3228699551569507,0.2,0.25,0.9
SPH+CPI,7,0.7733333333333333,2.5043103448275863,0.2,0.25,0.9
SPH+CPI,8,0.7933333333333333,2.642857142857143,0.2,0.25,0.9
SPH+CPI,9,0.8166666666666667,2.8244897959183675,0.2,0.25,0.9
SPH+CPI,10,0.8266666666666667,2.911290322580645,0.2,0.25,0.9
SPH+CPI,1,0.3466666666666667,1.0,0.2,0.3,0.7
SPH+CPI,2,0.5166666666666667,1.3290322580645162,0.2,0.3,0.7
SPH+CPI,3,0.6266666666666667,1.622340425531915,0.2,0.3,0.7
SPH+CPI,4,0.68,1.8088235294117647,0.2,0.3,0.7
SPH+CPI,5,0.7266666666666667,2.0137614678899083,0.2,0.3,0.7
SPH+CPI,6,0.75,2.137777777777778,0.2,0.3,0.7
SPH+CPI,7,0.78,2.324786324786325,0.2,0.3,0.7
SPH+CPI,8,0.8066666666666666,2.512396694214876,0.2,0.3,0.7
SPH+CPI,9,0.83,2.694779116465864,0.2,0.3,0.7
SPH+CPI,10,0.85,2.8666666666666667,0.2,0.3,0.7
SPH+CPI,1,0.35,1.0,0.2,0.3,0.75
SPH+CPI,2,0.5233333333333333,1.3312101910828025,0.2,0.3,0.75
SPH+CPI,3,0.62,1.5913978494623655,0.2,0.3,0.75
SPH+CPI,4,0.6833333333333333,1.814634146341464,0.2,0.3,0.75
SPH+CPI,5,0.7233333333333334,1.9907834101382489,0.2,0.3,0.75
SPH+CPI,6,0.7466666666666667,2.1160714285714284,0.2,0.3,0.75
SPH+CPI,7,0.7766666666666666,2.3047210300429186,0.2,0.3,0.75
SPH+CPI,8,0.7966666666666666,2.4476987447698746,0.2,0.3,0.75
SPH+CPI,9,0.8066666666666666,2.5289256198347108,0.2,0.3,0.75
SPH+CPI,10,0.8333333333333334,2.768,0.2,0.3,0.75
SPH+CPI,1,0.3366666666666666,1.0,0.2,0.3,0.8
SPH+CPI,2,0.5066666666666667,1.3355263157894737,0.2,0.3,0.8
SPH+CPI,3,0.61,1.6174863387978142,0.2,0.3,0.8
SPH+CPI,4,0.6666666666666666,1.82,0.2,0.3,0.8
SPH+CPI,5,0.7133333333333334,2.02803738317757,0.2,0.3,0.8
SPH+CPI,6,0.74,2.171171171171171,0.2,0.3,0.8
SPH+CPI,7,0.7733333333333333,2.3793103448275863,0.2,0.3,0.8
SPH+CPI,8,0.79,2.49789029535865,0.2,0.3,0.8
SPH+CPI,9,0.81,2.6584362139917697,0.2,0.3,0.8
SPH+CPI,10,0.8266666666666667,2.806451612903226,0.2,0.3,0.8
SPH+CPI,1,0.3366666666666666,1.0,0.2,0.3,0.85
SPH+CPI,2,0.4933333333333333,1.3175675675675675,0.2,0.3,0.85
SPH+CPI,3,0.5933333333333334,1.601123595505618,0.2,0.3,0.85
SPH+CPI,4,0.6566666666666666,1.83248730964467,0.2,0.3,0.85
SPH+CPI,5,0.6966666666666667,2.014354066985646,0.2,0.3,0.85
SPH+CPI,6,0.7366666666666667,2.230769230769231,0.2,0.3,0.85
SPH+CPI,7,0.77,2.4372294372294374,0.2,0.3,0.85
SPH+CPI,8,0.7833333333333333,2.5319148936170213,0.2,0.3,0.85
SPH+CPI,9,0.8033333333333333,2.6929460580912865,0.2,0.3,0.85
SPH+CPI,10,0.82,2.841463414634146,0.2,0.3,0.85
SPH+CPI,1,0.3466666666666667,1.0,0.2,0.3,0.9
SPH+CPI,2,0.4933333333333333,1.2972972972972974,0.2,0.3,0.9
SPH+CPI,3,0.5766666666666667,1.5433526011560694,0.2,0.3,0.9
SPH+CPI,4,0.65,1.8205128205128205,0.2,0.3,0.9
SPH+CPI,5,0.7,2.0476190476190474,0.2,0.3,0.9
SPH+CPI,6,0.7433333333333333,2.2780269058295963,0.2,0.3,0.9
SPH+CPI,7,0.7733333333333333,2.461206896551724,0.2,0.3,0.9
SPH+CPI,8,0.7933333333333333,2.600840336134454,0.2,0.3,0.9
SPH+CPI,9,0.8166666666666667,2.783673469387755,0.2,0.3,0.9
SPH+CPI,10,0.8266666666666667,2.870967741935484,0.2,0.3,0.9
SPH+CPI,1,0.34,1.0,0.2,0.35,0.7
SPH+CPI,2,0.5166666666666667,1.3419354838709678,0.2,0.35,0.7
SPH+CPI,3,0.62,1.618279569892473,0.2,0.35,0.7
SPH+CPI,4,0.6766666666666666,1.8177339901477831,0.2,0.35,0.7
SPH+CPI,5,0.7166666666666667,1.9953488372093025,0.2,0.35,0.7
SPH+CPI,6,0.7433333333333333,2.1390134529147984,0.2,0.35,0.7
SPH+CPI,7,0.7733333333333333,2.327586206896552,0.2,0.35,0.7
SPH+CPI,8,0.8033333333333333,2.5394190871369293,0.2,0.35,0.7
SPH+CPI,9,0.83,2.746987951807229,0.2,0.35,0.7
SPH+CPI,10,0.85,2.9176470588235293,0.2,0.35,0.7
SPH+CPI,1,0.3466666666666667,1.0,0.2,0.35,0.75
SPH+CPI,2,0.5166666666666667,1.3290322580645162,0.2,0.35,0.75
SPH+CPI,3,0.6133333333333333,1.5923913043478262,0.2,0.35,0.75
SPH+CPI,4,0.6833333333333333,1.8390243902439023,0.2,0.35,0.75
SPH+CPI,5,0.72,2.0,0.2,0.35,0.75
SPH+CPI,6,0.7466666666666667,2.142857142857143,0.2,0.35,0.75
SPH+CPI,7,0.7766666666666666,2.330472103004292,0.2,0.35,0.75
SPH+CPI,8,0.7966666666666666,2.4728033472803346,0.2,0.35,0.75
SPH+CPI,9,0.8133333333333334,2.6065573770491803,0.2,0.35,0.75
SPH+CPI,10,0.8433333333333334,2.869565217391304,0.2,0.35,0.75
SPH+CPI,1,0.3333333333333333,1.0,0.2,0.35,0.8
SPH+CPI,2,0.51,1.34640522875817,0.2,0.35,0.8
SPH+CPI,3,0.61,1.6174863387978142,0.2,0.35,0.8
SPH+CPI,4,0.6733333333333333,1.8415841584158417,0.2,0.35,0.8
SPH+CPI,5,0.7166666666666667,2.0325581395348835,0.2,0.35,0.8
SPH+CPI,6,0.7466666666666667,2.1919642857142856,0.2,0.35,0.8
SPH+CPI,7,0.78,2.3974358974358974,0.2,0.35,0.8
SPH+CPI,8,0.8,2.5375,0.2,0.35,0.8
SPH+CPI,9,0.82,2.6951219512195124,0.2,0.35,0.8
SPH+CPI,10,0.84,2.869047619047619,0.2,0.35,0.8
SPH+CPI,1,0.3333333333333333,1.0,0.2,0.35,0.85
SPH+CPI,2,0.4966666666666666,1.3288590604026846,0.2,0.35,0.85
SPH+CPI,3,0.5933333333333334,1.601123595505618,0.2,0.35,0.85
SPH+CPI,4,0.6633333333333333,1.8542713567839195,0.2,0.35,0.85
SPH+CPI,5,0.7,2.019047619047619,0.2,0.35,0.85
SPH+CPI,6,0.7433333333333333,2.251121076233184,0.2,0.35,0.85
SPH+CPI,7,0.7766666666666666,2.4549356223175964,0.2,0.35,0.85
SPH+CPI,8,0.7933333333333333,2.571428571428572,0.2,0.35,0.85
SPH+CPI,9,0.8133333333333334,2.729508196721312,0.2,0.35,0.85
SPH+CPI,10,0.8333333333333334,2.904,0.2,0.35,0.85
SPH+CPI,1,0.3433333333333333,1.0,0.2,0.35,0.9
SPH+CPI,2,0.4933333333333333,1.304054054054054,0.2,0.35,0.9
SPH+CPI,3,0.5733333333333334,1.5406976744186047,0.2,0.35,0.9
SPH+CPI,4,0.6566666666666666,1.8527918781725887,0.2,0.35,0.9
SPH+CPI,5,0.7,2.0476190476190474,0.2,0.35,0.9
SPH+CPI,6,0.74,2.2612612612612613,0.2,0.35,0.9
SPH+CPI,7,0.77,2.445887445887446,0.2,0.35,0.9
SPH+CPI,8,0.7933333333333333,2.609243697478992,0.2,0.35,0.9
SPH+CPI,9,0.8233333333333334,2.8421052631578947,0.2,0.35,0.9
SPH+CPI,10,0.8333333333333334,2.928,0.2,0.35,0.9
SPH+CPI,1,0.34,1.0,0.2,0.4,0.7
SPH+CPI,2,0.5233333333333333,1.3503184713375795,0.2,0.4,0.7
SPH+CPI,3,0.6266666666666667,1.622340425531915,0.2,0.4,0.7
SPH+CPI,4,0.6866666666666666,1.8300970873786409,0.2,0.4,0.7
SPH+CPI,5,0.7266666666666667,2.0045871559633026,0.2,0.4,0.7
SPH+CPI,6,0.7533333333333333,2.146017699115044,0.2,0.4,0.7
SPH+CPI,7,0.78,2.311965811965812,0.2,0.4,0.7
SPH+CPI,8,0.8033333333333333,2.4771784232365146,0.2,0.4,0.7
SPH+CPI,9,0.82,2.609756097560976,0.2,0.4,0.7
SPH+CPI,10,0.8433333333333334,2.814229249011858,0.2,0.4,0.7
SPH+CPI,1,0.3466666666666667,1.0,0.2,0.4,0.75
SPH+CPI,2,0.5233333333333333,1.3375796178343948,0.2,0.4,0.75
SPH+CPI,3,0.6233333333333333,1.60427807486631,0.2,0.4,0.75
SPH+CPI,4,0.69,1.835748792270532,0.2,0.4,0.75
SPH+CPI,5,0.7266666666666667,1.9954128440366967,0.2,0.4,0.75
SPH+CPI,6,0.7533333333333333,2.1371681415929205,0.2,0.4,0.75
SPH+CPI,7,0.78,2.3034188034188032,0.2,0.4,0.75
SPH+CPI,8,0.8,2.4458333333333333,0.2,0.4,0.75
SPH+CPI,9,0.8166666666666667,2.5795918367346937,0.2,0.4,0.75
SPH+CPI,10,0.8433333333333334,2.814229249011858,0.2,0.4,0.75
SPH+CPI,1,0.3333333333333333,1.0,0.2,0.4,0.8
SPH+CPI,2,0.5166666666666667,1.3548387096774193,0.2,0.4,0.8
SPH+CPI,3,0.62,1.6290322580645162,0.2,0.4,0.8
SPH+CPI,4,0.68,1.838235294117647,0.2,0.4,0.8
SPH+CPI,5,0.7233333333333334,2.0276497695852536,0.2,0.4,0.8
SPH+CPI,6,0.7533333333333333,2.185840707964602,0.2,0.4,0.8
SPH+CPI,7,0.7833333333333333,2.370212765957447,0.2,0.4,0.8
SPH+CPI,8,0.8033333333333333,2.5103734439834025,0.2,0.4,0.8
SPH+CPI,9,0.8233333333333334,2.668016194331984,0.2,0.4,0.8
SPH+CPI,10,0.84,2.813492063492064,0.2,0.4,0.8
SPH+CPI,1,0.3366666666666666,1.0,0.2,0.4,0.85
SPH+CPI,2,0.51,1.3398692810457515,0.2,0.4,0.85
SPH+CPI,3,0.6133333333333333,1.6195652173913044,0.2,0.4,0.85
SPH+CPI,4,0.6833333333333333,1.8634146341463416,0.2,0.4,0.85
SPH+CPI,5,0.7166666666666667,2.0093023255813955,0.2,0.4,0.85
SPH+CPI,6,0.75,2.1866666666666665,0.2,0.4,0.85
SPH+CPI,7,0.78,2.371794871794872,0.2,0.4,0.85
SPH+CPI,8,0.7966666666666666,2.489539748953975,0.2,0.4,0.85
SPH+CPI,9,0.8166666666666667,2.6489795918367345,0.2,0.4,0.85
SPH+CPI,10,0.8366666666666667,2.824701195219124,0.2,0.4,0.85
SPH+CPI,1,0.3466666666666667,1.0,0.2,0.4,0.9
SPH+CPI,2,0.5066666666666667,1.3157894736842106,0.2,0.4,0.9
SPH+CPI,3,0.5933333333333334,1.5617977528089888,0.2,0.4,0.9
SPH+CPI,4,0.6633333333333333,1.8190954773869348,0.2,0.4,0.9
SPH+CPI,5,0.7066666666666667,2.0141509433962264,0.2,0.4,0.9
SPH+CPI,6,0.74,2.1936936936936937,0.2,0.4,0.9
SPH+CPI,7,0.77,2.380952380952381,0.2,0.4,0.9
SPH+CPI,8,0.7933333333333333,2.546218487394958,0.2,0.4,0.9
SPH+CPI,9,0.8233333333333334,2.7813765182186234,0.2,0.4,0.9
SPH+CPI,10,0.8366666666666667,2.896414342629482,0.2,0.4,0.9
SPH+CPI,1,0.3166666666666666,1.0,0.25,0.2,0.7
SPH+CPI,2,0.5233333333333333,1.394904458598726,0.25,0.2,0.7
SPH+CPI,3,0.6233333333333333,1.6524064171122994,0.25,0.2,0.7
SPH+CPI,4,0.6833333333333333,1.8585365853658533,0.25,0.2,0.7
SPH+CPI,5,0.73,2.0593607305936072,0.25,0.2,0.7
SPH+CPI,6,0.7466666666666667,2.1473214285714284,0.25,0.2,0.7
SPH+CPI,7,0.78,2.3547008547008548,0.25,0.2,0.7
SPH+CPI,8,0.8066666666666666,2.541322314049587,0.25,0.2,0.7
SPH+CPI,9,0.83,2.7228915662650603,0.25,0.2,0.7
SPH+CPI,10,0.85,2.8941176470588235,0.25,0.2,0.7
SPH+CPI,1,0.31,1.0,0.25,0.2,0.75
SPH+CPI,2,0.5166666666666667,1.4,0.25,0.2,0.75
SPH+CPI,3,0.6133333333333333,1.6521739130434785,0.25,0.2,0.75
SPH+CPI,4,0.6833333333333333,1.892682926829268,0.25,0.2,0.75
SPH+CPI,5,0.73,2.0913242009132422,0.25,0.2,0.75
SPH+CPI,6,0.7433333333333333,2.161434977578476,0.25,0.2,0.75
SPH+CPI,7,0.7666666666666667,2.3086956521739133,0.25,0.2,0.75
SPH+CPI,8,0.7866666666666666,2.4533898305084745,0.25,0.2,0.75
SPH+CPI,9,0.8033333333333333,2.589211618257261,0.25,0.2,0.75
SPH+CPI,10,0.8333333333333334,2.856,0.25,0.2,0.75
SPH+CPI,1,0.2933333333333333,1.0,0.25,0.2,0.8
SPH+CPI,2,0.4966666666666666,1.4093959731543624,0.25,0.2,0.8
SPH+CPI,3,0.6033333333333334,1.6906077348066295,0.25,0.2,0.8
SPH+CPI,4,0.6766666666666666,1.9408866995073888,0.25,0.2,0.8
SPH+CPI,5,0.72,2.125,0.25,0.2,0.8
SPH+CPI,6,0.74,2.22972972972973,0.25,0.2,0.8
SPH+CPI,7,0.7666666666666667,2.395652173913044,0.25,0.2,0.8
SPH+CPI,8,0.7866666666666666,2.538135593220339,0.25,0.2,0.8
SPH+CPI,9,0.8066666666666666,2.6983471074380163,0.25,0.2,0.8
SPH+CPI,10,0.8266666666666667,2.875,0.25,0.2,0.8
SPH+CPI,1,0.2866666666666667,1.0,0.25,0.2,0.85
SPH+CPI,2,0.4866666666666667,1.4109589041095891,0.25,0.2,0.85
SPH+CPI,3,0.5933333333333334,1.696629213483146,0.25,0.2,0.85
SPH+CPI,4,0.6633333333333333,1.9396984924623115,0.25,0.2,0.85
SPH+CPI,5,0.71,2.140845070422535,0.25,0.2,0.85
SPH+CPI,6,0.7433333333333333,2.31390134529148,0.25,0.2,0.85
SPH+CPI,7,0.7733333333333333,2.4956896551724137,0.25,0.2,0.85
SPH+CPI,8,0.7933333333333333,2.634453781512605,0.25,0.2,0.85
SPH+CPI,9,0.81,2.765432098765432,0.25,0.2,0.85
SPH+CPI,10,0.8233333333333334,2.882591093117409,0.25,0.2,0.85
SPH+CPI,1,0.33,1.0,0.25,0.2,0.9
SPH+CPI,2,0.5066666666666667,1.3486842105263157,0.25,0.2,0.9
SPH+CPI,3,0.5966666666666667,1.5977653631284916,0.25,0.2,0.9
SPH+CPI,4,0.6733333333333333,1.871287128712872,0.25,0.2,0.9
SPH+CPI,5,0.72,2.074074074074074,0.25,0.2,0.9
SPH+CPI,6,0.7433333333333333,2.197309417040359,0.25,0.2,0.9
SPH+CPI,7,0.77,2.363636363636364,0.25,0.2,0.9
SPH+CPI,8,0.8,2.575,0.25,0.2,0.9
SPH+CPI,9,0.8166666666666667,2.706122448979592,0.25,0.2,0.9
SPH+CPI,10,0.8233333333333334,2.7651821862348176,0.25,0.2,0.9
SPH+CPI,1,0.3233333333333333,1.0,0.25,0.25,0.7
SPH+CPI,2,0.52,1.3782051282051282,0.25,0.25,0.7
SPH+CPI,3,0.6233333333333333,1.6470588235294117,0.25,0.25,0.7
SPH+CPI,4,0.6833333333333333,1.853658536585366,0.25,0.25,0.7
SPH+CPI,5,0.7233333333333334,2.0276497695852536,0.25,0.25,0.7
SPH+CPI,6,0.75,2.168888888888889,0.25,0.25,0.7
SPH+CPI,7,0.7866666666666666,2.3940677966101696,0.25,0.25,0.7
SPH+CPI,8,0.81,2.555555555555556,0.25,0.25,0.7
SPH+CPI,9,0.83,2.710843373493976,0.25,0.25,0.7
SPH+CPI,10,0.85,2.8823529411764706,0.25,0.25,0.7
SPH+CPI,1,0.3166666666666666,1.0,0.25,0.25,0.75
SPH+CPI,2,0.5133333333333333,1.3831168831168832,0.25,0.25,0.75
SPH+CPI,3,0.6133333333333333,1.6467391304347827,0.25,0.25,0.75
SPH+CPI,4,0.6833333333333333,1.8878048780487804,0.25,0.25,0.75
SPH+CPI,5,0.7233333333333334,2.0599078341013826,0.25,0.25,0.75
SPH+CPI,6,0.7466666666666667,2.1830357142857144,0.25,0.25,0.75
SPH+CPI,7,0.7733333333333333,2.3491379310344827,0.25,0.25,0.75
SPH+CPI,8,0.79,2.4683544303797467,0.25,0.25,0.75
SPH+CPI,9,0.8033333333333333,2.5767634854771786,0.25,0.25,0.75
SPH+CPI,10,0.8333333333333334,2.844,0.25,0.25,0.75
SPH+CPI,1,0.3,1.0,0.25,0.25,0.8
SPH+CPI,2,0.5,1.4,0.25,0.25,0.8
SPH+CPI,3,0.6066666666666667,1.6813186813186811,0.25,0.25,0.8
SPH+CPI,4,0.6766666666666666,1.9211822660098523,0.25,0.25,0.8
SPH+CPI,5,0.7166666666666667,2.0930232558139537,0.25,0.25,0.8
SPH+CPI,6,0.7433333333333333,2.233183856502242,0.25,0.25,0.8
SPH+CPI,7,0.7733333333333333,2.418103448275862,0.25,0.25,0.8
SPH+CPI,8,0.79,2.535864978902953,0.25,0.25,0.8
SPH+CPI,9,0.8066666666666666,2.669421487603306,0.25,0.25,0.8
SPH+CPI,10,0.8266666666666667,2.846774193548387,0.25,0.25,0.8
SPH+CPI,1,0.2933333333333333,1.0,0.25,0.25,0.85
SPH+CPI,2,0.49,1.401360544217687,0.25,0.25,0.85
SPH+CPI,3,0.5966666666666667,1.687150837988827,0.25,0.25,0.85
SPH+CPI,4,0.6633333333333333,1.9195979899497488,0.25,0.25,0.85
SPH+CPI,5,0.7066666666666667,2.108490566037736,0.25,0.25,0.85
SPH+CPI,6,0.7466666666666667,2.3169642857142856,0.25,0.25,0.85
SPH+CPI,7,0.78,2.517094017094017,0.25,0.25,0.85
SPH+CPI,8,0.7966666666666666,2.631799163179916,0.25,0.25,0.85
SPH+CPI,9,0.81,2.736625514403292,0.25,0.25,0.85
SPH+CPI,10,0.8233333333333334,2.854251012145749,0.25,0.25,0.85
SPH+CPI,1,0.3366666666666666,1.0,0.25,0.25,0.9
SPH+CPI,2,0.51,1.3398692810457515,0.25,0.25,0.9
SPH+CPI,3,0.5966666666666667,1.5810055865921788,0.25,0.25,0.9
SPH+CPI,4,0.67,1.845771144278607,0.25,0.25,0.9
SPH+CPI,5,0.7166666666666667,2.0511627906976746,0.25,0.25,0.9
SPH+CPI,6,0.75,2.2266666666666666,0.25,0.25,0.9
SPH+CPI,7,0.78,2.41025641025641,0.25,0.25,0.9
SPH+CPI,8,0.8033333333333333,2.5726141078838176,0.25,0.25,0.9
SPH+CPI,9,0.8166666666666667,2.6775510204081634,0.25,0.25,0.9
SPH+CPI,10,0.8233333333333334,2.736842105263158,0.25,0.25,0.9
SPH+CPI,1,0.3366666666666666,1.0,0.25,0.3,0.7
SPH+CPI,2,0.52,1.3525641025641026,0.25,0.3,0.7
SPH+CPI,3,0.6233333333333333,1.625668449197861,0.25,0.3,0.7
SPH+CPI,4,0.6833333333333333,1.8341463414634147,0.25,0.3,0.7
SPH+CPI,5,0.7233333333333334,2.009216589861752,0.25,0.3,0.7
SPH+CPI,6,0.75,2.151111111111111,0.25,0.3,0.7
SPH+CPI,7,0.7766666666666666,2.3175965665236054,0.25,0.3,0.7
SPH+CPI,8,0.8033333333333333,2.506224066390041,0.25,0.3,0.7
SPH+CPI,9,0.8233333333333334,2.6639676113360324,0.25,0.3,0.7
SPH+CPI,10,0.84,2.8095238095238093,0.25,0.3,0.7
SPH+CPI,1,0.3366666666666666,1.0,0.25,0.3,0.75
SPH+CPI,2,0.52,1.3525641025641026,0.25,0.3,0.75
SPH+CPI,3,0.62,1.618279569892473,0.25,0.3,0.75
SPH+CPI,4,0.6866666666666666,1.849514563106796,0.25,0.3,0.75
SPH+CPI,5,0.7233333333333334,2.009216589861752,0.25,0.3,0.75
SPH+CPI,6,0.75,2.151111111111111,0.25,0.3,0.75
SPH+CPI,7,0.7766666666666666,2.3175965665236054,0.25,0.3,0.75
SPH+CPI,8,0.7966666666666666,2.4602510460251046,0.25,0.3,0.75
SPH+CPI,9,0.8066666666666666,2.541322314049587,0.25,0.3,0.75
SPH+CPI,10,0.8333333333333334,2.78,0.25,0.3,0.75
SPH+CPI,1,0.38,1.0,0.25,0.3,0.8
SPH+CPI,2,0.5966666666666667,1.368421052631579,0.25,0.3,0.8
SPH+CPI,3,0.6633333333333333,1.6521739130434785,0.25,0.3,0.8
SPH+CPI,4,0.69,1.8823529411764703,0.25,0.3,0.8
SPH+CPI,5,0.7366666666666667,2.041860465116279,0.25,0.3,0.8
SPH+CPI,6,0.7866666666666667,2.200892857142857,0.25,0.3,0.8
SPH+CPI,7,0.7966666666666666,2.3862660944206007,0.25,0.3,0.8
SPH+CPI,8,0.8066666666666666,2.527196652719665,0.25,0.3,0.8
SPH+CPI,9,0.82,2.633744855967078,0.25,0.3,0.8
SPH+CPI,10,0.8266666666666667,2.663744855967078,0.25,0.3,0.8
SPH+CPI,1,0.3166666666666666,1.0,0.25,0.3,0.85
SPH+CPI,2,0.5,1.3666666666666667,0.25,0.3,0.85
SPH+CPI,3,0.6033333333333334,1.6464088397790055,0.25,0.3,0.85
SPH+CPI,4,0.6666666666666666,1.87,0.25,0.3,0.85
SPH+CPI,5,0.7066666666666667,2.047169811320755,0.25,0.3,0.85
SPH+CPI,6,0.7466666666666667,2.258928571428572,0.25,0.3,0.85
SPH+CPI,7,0.7766666666666666,2.4420600858369097,0.25,0.3,0.85
SPH+CPI,8,0.7933333333333333,2.5588235294117645,0.25,0.3,0.85
SPH+CPI,9,0.8066666666666666,2.665289256198347,0.25,0.3,0.85
SPH+CPI,10,0.82,2.7845528455284554,0.25,0.3,0.85
SPH+CPI,1,0.36,1.0,0.25,0.3,0.9
SPH+CPI,2,0.52,1.3076923076923077,0.25,0.3,0.9
SPH+CPI,3,0.6033333333333334,1.5414364640883975,0.25,0.3,0.9
SPH+CPI,4,0.6733333333333333,1.797029702970297,0.25,0.3,0.9
SPH+CPI,5,0.7166666666666667,1.990697674418605,0.25,0.3,0.9
SPH+CPI,6,0.75,2.168888888888889,0.25,0.3,0.9
SPH+CPI,7,0.7766666666666666,2.334763948497854,0.25,0.3,0.9
SPH+CPI,8,0.8,2.5,0.25,0.3,0.9
SPH+CPI,9,0.8133333333333334,2.6065573770491803,0.25,0.3,0.9
SPH+CPI,10,0.82,2.6666666666666665,0.25,0.3,0.9
SPH+CPI,1,0.3466666666666667,1.0,0.25,0.35,0.7
SPH+CPI,2,0.52,1.3333333333333333,0.25,0.35,0.7
SPH+CPI,3,0.6233333333333333,1.609625668449198,0.25,0.35,0.7
SPH+CPI,4,0.6833333333333333,1.8195121951219515,0.25,0.35,0.7
SPH+CPI,5,0.72,1.9814814814814807,0.25,0.35,0.7
SPH+CPI,6,0.75,2.1422222222222222,0.25,0.35,0.7
SPH+CPI,7,0.7766666666666666,2.3090128755364807,0.25,0.35,0.7
SPH+CPI,8,0.8033333333333333,2.4979253112033195,0.25,0.35,0.7
SPH+CPI,9,0.8233333333333334,2.6558704453441297,0.25,0.35,0.7
SPH+CPI,10,0.84,2.8015873015873014,0.25,0.35,0.7
SPH+CPI,1,0.3466666666666667,1.0,0.25,0.35,0.75
SPH+CPI,2,0.52,1.3333333333333333,0.25,0.35,0.75
SPH+CPI,3,0.62,1.6021505376344083,0.25,0.35,0.75
SPH+CPI,4,0.6866666666666666,1.83495145631068,0.25,0.35,0.75
SPH+CPI,5,0.72,1.9814814814814807,0.25,0.35,0.75
SPH+CPI,6,0.75,2.1422222222222222,0.25,0.35,0.75
SPH+CPI,7,0.7766666666666666,2.3090128755364807,0.25,0.35,0.75
SPH+CPI,8,0.7966666666666666,2.4518828451882846,0.25,0.35,0.75
SPH+CPI,9,0.8066666666666666,2.5330578512396693,0.25,0.35,0.75
SPH+CPI,10,0.8333333333333334,2.772,0.25,0.35,0.75
SPH+CPI,1,0.3333333333333333,1.0,0.25,0.35,0.8
SPH+CPI,2,0.51,1.34640522875817,0.25,0.35,0.8
SPH+CPI,3,0.6133333333333333,1.625,0.25,0.35,0.8
SPH+CPI,4,0.68,1.857843137254902,0.25,0.35,0.8
SPH+CPI,5,0.7133333333333334,2.004672897196261,0.25,0.35,0.8
SPH+CPI,6,0.7466666666666667,2.1830357142857144,0.25,0.35,0.8
SPH+CPI,7,0.7766666666666666,2.369098712446352,0.25,0.35,0.8
SPH+CPI,8,0.7966666666666666,2.510460251046025,0.25,0.35,0.8
SPH+CPI,9,0.81,2.617283950617284,0.25,0.35,0.8
SPH+CPI,10,0.8266666666666667,2.7661290322580645,0.25,0.35,0.8
SPH+CPI,1,0.33,1.0,0.25,0.35,0.85
SPH+CPI,2,0.5033333333333333,1.3443708609271523,0.25,0.35,0.85
SPH+CPI,3,0.6033333333333334,1.6187845303867403,0.25,0.35,0.85
SPH+CPI,4,0.6666666666666666,1.845,0.25,0.35,0.85
SPH+CPI,5,0.7033333333333334,2.009478672985782,0.25,0.35,0.85
SPH+CPI,6,0.7466666666666667,2.2410714285714284,0.25,0.35,0.85
SPH+CPI,7,0.7766666666666666,2.424892703862661,0.25,0.35,0.85
SPH+CPI,8,0.7933333333333333,2.542016806722689,0.25,0.35,0.85
SPH+CPI,9,0.8066666666666666,2.6487603305785123,0.25,0.35,0.85
SPH+CPI,10,0.82,2.768292682926829,0.25,0.35,0.85
SPH+CPI,1,0.3733333333333333,1.0,0.25,0.35,0.9
SPH+CPI,2,0.52,1.2820512820512822,0.25,0.35,0.9
SPH+CPI,3,0.6,1.511111111111111,0.25,0.35,0.9
SPH+CPI,4,0.6733333333333333,1.7821782178217822,0.25,0.35,0.9
SPH+CPI,5,0.7133333333333334,1.9626168224299063,0.25,0.35,0.9
SPH+CPI,6,0.75,2.16,0.25,0.35,0.9
SPH+CPI,7,0.7766666666666666,2.326180257510729,0.25,0.35,0.9
SPH+CPI,8,0.8,2.4916666666666667,0.25,0.35,0.9
SPH+CPI,9,0.8133333333333334,2.598360655737705,0.25,0.35,0.9
SPH+CPI,10,0.82,2.658536585365854,0.25,0.35,0.9
SPH+CPI,1,0.35,1.0,0.25,0.4,0.7
SPH+CPI,2,0.5266666666666666,1.3354430379746836,0.25,0.4,0.7
SPH+CPI,3,0.6266666666666667,1.601063829787234,0.25,0.4,0.7
SPH+CPI,4,0.6933333333333334,1.8317307692307687,0.25,0.4,0.7
SPH+CPI,5,0.73,1.990867579908676,0.25,0.4,0.7
SPH+CPI,6,0.76,2.149122807017544,0.25,0.4,0.7
SPH+CPI,7,0.7833333333333333,2.293617021276596,0.25,0.4,0.7
SPH+CPI,8,0.8033333333333333,2.4356846473029043,0.25,0.4,0.7
SPH+CPI,9,0.8133333333333334,2.5163934426229506,0.25,0.4,0.7
SPH+CPI,10,0.8333333333333334,2.696,0.25,0.4,0.7
SPH+CPI,1,0.35,1.0,0.25,0.4,0.75
SPH+CPI,2,0.5266666666666666,1.3354430379746836,0.25,0.4,0.75
SPH+CPI,3,0.6266666666666667,1.601063829787234,0.25,0.4,0.75
SPH+CPI,4,0.6933333333333334,1.8317307692307687,0.25,0.4,0.75
SPH+CPI,5,0.7266666666666667,1.9770642201834865,0.25,0.4,0.75
SPH+CPI,6,0.7566666666666667,2.1365638766519823,0.25,0.4,0.75
SPH+CPI,7,0.78,2.282051282051282,0.25,0.4,0.75
SPH+CPI,8,0.8,2.425,0.25,0.4,0.75
SPH+CPI,9,0.81,2.506172839506173,0.25,0.4,0.75
SPH+CPI,10,0.8333333333333334,2.716,0.25,0.4,0.75
SPH+CPI,1,0.3366666666666666,1.0,0.25,0.4,0.8
SPH+CPI,2,0.5166666666666667,1.3483870967741935,0.25,0.4,0.8
SPH+CPI,3,0.62,1.6236559139784943,0.25,0.4,0.8
SPH+CPI,4,0.6866666666666666,1.854368932038835,0.25,0.4,0.8
SPH+CPI,5,0.72,2.0,0.25,0.4,0.8
SPH+CPI,6,0.7533333333333333,2.1769911504424777,0.25,0.4,0.8
SPH+CPI,7,0.78,2.341880341880342,0.25,0.4,0.8
SPH+CPI,8,0.8,2.4833333333333334,0.25,0.4,0.8
SPH+CPI,9,0.8133333333333334,2.5901639344262297,0.25,0.4,0.8
SPH+CPI,10,0.8266666666666667,2.7096774193548385,0.25,0.4,0.8
SPH+CPI,1,0.3366666666666666,1.0,0.25,0.4,0.85
SPH+CPI,2,0.5166666666666667,1.3483870967741935,0.25,0.4,0.85
SPH+CPI,3,0.62,1.6236559139784943,0.25,0.4,0.85
SPH+CPI,4,0.6866666666666666,1.854368932038835,0.25,0.4,0.85
SPH+CPI,5,0.72,2.0,0.25,0.4,0.85
SPH+CPI,6,0.7533333333333333,2.1769911504424777,0.25,0.4,0.85
SPH+CPI,7,0.78,2.341880341880342,0.25,0.4,0.85
SPH+CPI,8,0.7966666666666666,2.4602510460251046,0.25,0.4,0.85
SPH+CPI,9,0.81,2.567901234567901,0.25,0.4,0.85
SPH+CPI,10,0.8233333333333334,2.688259109311741,0.25,0.4,0.85
SPH+CPI,1,0.38,1.0,0.25,0.4,0.9
SPH+CPI,2,0.5333333333333333,1.2875,0.25,0.4,0.9
SPH+CPI,3,0.6166666666666667,1.518918918918919,0.25,0.4,0.9
SPH+CPI,4,0.68,1.75,0.25,0.4,0.9
SPH+CPI,5,0.72,1.930555555555556,0.25,0.4,0.9
SPH+CPI,6,0.75,2.0933333333333333,0.25,0.4,0.9
SPH+CPI,7,0.7766666666666666,2.2618025751072963,0.25,0.4,0.9
SPH+CPI,8,0.8,2.4291666666666667,0.25,0.4,0.9
SPH+CPI,9,0.8133333333333334,2.53688524590164,0.25,0.4,0.9
SPH+CPI,10,0.8233333333333334,2.6275303643724697,0.25,0.4,0.9
SPH+CPI,1,0.3233333333333333,1.0,0.3,0.2,0.7
SPH+CPI,2,0.5266666666666666,1.3860759493670889,0.3,0.2,0.7
SPH+CPI,3,0.6266666666666667,1.6436170212765957,0.3,0.2,0.7
SPH+CPI,4,0.6866666666666666,1.849514563106796,0.3,0.2,0.7
SPH+CPI,5,0.7333333333333333,2.05,0.3,0.2,0.7
SPH+CPI,6,0.75,2.137777777777778,0.3,0.2,0.7
SPH+CPI,7,0.7833333333333333,2.34468085106383,0.3,0.2,0.7
SPH+CPI,8,0.81,2.5308641975308643,0.3,0.2,0.7
SPH+CPI,9,0.8266666666666667,2.661290322580645,0.3,0.2,0.7
SPH+CPI,10,0.8433333333333334,2.8063241106719365,0.3,0.2,0.7
SPH+CPI,1,0.3166666666666666,1.0,0.3,0.2,0.75
SPH+CPI,2,0.5233333333333333,1.394904458598726,0.3,0.2,0.75
SPH+CPI,3,0.6166666666666667,1.6378378378378378,0.3,0.2,0.75
SPH+CPI,4,0.6866666666666666,1.8786407766990287,0.3,0.2,0.75
SPH+CPI,5,0.7333333333333333,2.077272727272727,0.3,0.2,0.75
SPH+CPI,6,0.7466666666666667,2.1473214285714284,0.3,0.2,0.75
SPH+CPI,7,0.77,2.294372294372294,0.3,0.2,0.75
SPH+CPI,8,0.79,2.438818565400844,0.3,0.2,0.75
SPH+CPI,9,0.8066666666666666,2.574380165289256,0.3,0.2,0.75
SPH+CPI,10,0.83,2.783132530120482,0.3,0.2,0.75
SPH+CPI,1,0.3,1.0,0.3,0.2,0.8
SPH+CPI,2,0.5033333333333333,1.403973509933775,0.3,0.2,0.8
SPH+CPI,3,0.6066666666666667,1.675824175824176,0.3,0.2,0.8
SPH+CPI,4,0.68,1.9264705882352944,0.3,0.2,0.8
SPH+CPI,5,0.7233333333333334,2.110599078341014,0.3,0.2,0.8
SPH+CPI,6,0.7433333333333333,2.2152466367713006,0.3,0.2,0.8
SPH+CPI,7,0.77,2.380952380952381,0.3,0.2,0.8
SPH+CPI,8,0.79,2.523206751054852,0.3,0.2,0.8
SPH+CPI,9,0.81,2.683127572016461,0.3,0.2,0.8
SPH+CPI,10,0.8233333333333334,2.8016194331983804,0.3,0.2,0.8
SPH+CPI,1,0.2966666666666667,1.0,0.3,0.2,0.85
SPH+CPI,2,0.4966666666666666,1.4026845637583891,0.3,0.2,0.85
SPH+CPI,3,0.6033333333333334,1.6850828729281768,0.3,0.2,0.85
SPH+CPI,4,0.6733333333333333,1.9257425742574257,0.3,0.2,0.85
SPH+CPI,5,0.7133333333333334,2.0981308411214954,0.3,0.2,0.85
SPH+CPI,6,0.7466666666666667,2.2723214285714284,0.3,0.2,0.85
SPH+CPI,7,0.7766666666666666,2.4549356223175964,0.3,0.2,0.85
SPH+CPI,8,0.7966666666666666,2.594142259414226,0.3,0.2,0.85
SPH+CPI,9,0.8133333333333334,2.7254098360655736,0.3,0.2,0.85
SPH+CPI,10,0.8233333333333334,2.8137651821862346,0.3,0.2,0.85
SPH+CPI,1,0.34,1.0,0.3,0.2,0.9
SPH+CPI,2,0.5166666666666667,1.3419354838709678,0.3,0.2,0.9
SPH+CPI,3,0.6066666666666667,1.5879120879120878,0.3,0.2,0.9
SPH+CPI,4,0.6766666666666666,1.8374384236453205,0.3,0.2,0.9
SPH+CPI,5,0.7233333333333334,2.0414746543778803,0.3,0.2,0.9
SPH+CPI,6,0.7466666666666667,2.165178571428572,0.3,0.2,0.9
SPH+CPI,7,0.7733333333333333,2.331896551724138,0.3,0.2,0.9
SPH+CPI,8,0.8033333333333333,2.5435684647302903,0.3,0.2,0.9
SPH+CPI,9,0.82,2.67479674796748,0.3,0.2,0.9
SPH+CPI,10,0.8233333333333334,2.7044534412955468,0.3,0.2,0.9
SPH+CPI,1,0.3266666666666666,1.0,0.3,0.25,0.7
SPH+CPI,2,0.5233333333333333,1.375796178343949,0.3,0.25,0.7
SPH+CPI,3,0.6266666666666667,1.6436170212765957,0.3,0.25,0.7
SPH+CPI,4,0.6866666666666666,1.849514563106796,0.3,0.25,0.7
SPH+CPI,5,0.7266666666666667,2.022935779816514,0.3,0.25,0.7
SPH+CPI,6,0.7533333333333333,2.163716814159292,0.3,0.25,0.7
SPH+CPI,7,0.7866666666666666,2.3686440677966103,0.3,0.25,0.7
SPH+CPI,8,0.81,2.5308641975308643,0.3,0.25,0.7
SPH+CPI,9,0.8233333333333334,2.6356275303643724,0.3,0.25,0.7
SPH+CPI,10,0.8433333333333334,2.810276679841897,0.3,0.25,0.7
SPH+CPI,1,0.32,1.0,0.3,0.25,0.75
SPH+CPI,2,0.52,1.3846153846153846,0.3,0.25,0.75
SPH+CPI,3,0.6166666666666667,1.6378378378378378,0.3,0.25,0.75
SPH+CPI,4,0.6866666666666666,1.8786407766990287,0.3,0.25,0.75
SPH+CPI,5,0.7266666666666667,2.05045871559633,0.3,0.25,0.75
SPH+CPI,6,0.75,2.1733333333333333,0.3,0.25,0.75
SPH+CPI,7,0.7733333333333333,2.3189655172413794,0.3,0.25,0.75
SPH+CPI,8,0.79,2.438818565400844,0.3,0.25,0.75
SPH+CPI,9,0.8033333333333333,2.547717842323652,0.3,0.25,0.75
SPH+CPI,10,0.83,2.78714859437751,0.3,0.25,0.75
SPH+CPI,1,0.3033333333333333,1.0,0.3,0.25,0.8
SPH+CPI,2,0.5066666666666667,1.4013157894736843,0.3,0.25,0.8
SPH+CPI,3,0.61,1.6721311475409837,0.3,0.25,0.8
SPH+CPI,4,0.68,1.911764705882353,0.3,0.25,0.8
SPH+CPI,5,0.72,2.083333333333333,0.3,0.25,0.8
SPH+CPI,6,0.7466666666666667,2.2232142857142856,0.3,0.25,0.8
SPH+CPI,7,0.7733333333333333,2.3879310344827585,0.3,0.25,0.8
SPH+CPI,8,0.79,2.5063291139240507,0.3,0.25,0.8
SPH+CPI,9,0.8066666666666666,2.6404958677685952,0.3,0.25,0.8
SPH+CPI,10,0.8233333333333334,2.789473684210526,0.3,0.25,0.8
SPH+CPI,1,0.3,1.0,0.3,0.25,0.85
SPH+CPI,2,0.5,1.4,0.3,0.25,0.85
SPH+CPI,3,0.6066666666666667,1.6813186813186811,0.3,0.25,0.85
SPH+CPI,4,0.6733333333333333,1.9108910891089108,0.3,0.25,0.85
SPH+CPI,5,0.71,2.0704225352112675,0.3,0.25,0.85
SPH+CPI,6,0.75,2.28,0.3,0.25,0.85
SPH+CPI,7,0.78,2.4615384615384617,0.3,0.25,0.85
SPH+CPI,8,0.7966666666666666,2.577405857740586,0.3,0.25,0.85
SPH+CPI,9,0.81,2.683127572016461,0.3,0.25,0.85
SPH+CPI,10,0.8233333333333334,2.8016194331983804,0.3,0.25,0.85
SPH+CPI,1,0.3433333333333333,1.0,0.3,0.25,0.9
SPH+CPI,2,0.52,1.3397435897435896,0.3,0.25,0.9
SPH+CPI,3,0.6066666666666667,1.5769230769230769,0.3,0.25,0.9
SPH+CPI,4,0.6733333333333333,1.816831683168317,0.3,0.25,0.9
SPH+CPI,5,0.72,2.0231481481481484,0.3,0.25,0.9
SPH+CPI,6,0.7533333333333333,2.199115044247788,0.3,0.25,0.9
SPH+CPI,7,0.78,2.363247863247864,0.3,0.25,0.9
SPH+CPI,8,0.8033333333333333,2.5269709543568464,0.3,0.25,0.9
SPH+CPI,9,0.8166666666666667,2.63265306122449,0.3,0.25,0.9
SPH+CPI,10,0.8233333333333334,2.6923076923076925,0.3,0.25,0.9
SPH+CPI,1,0.34,1.0,0.3,0.3,0.7
SPH+CPI,2,0.5233333333333333,1.3503184713375795,0.3,0.3,0.7
SPH+CPI,3,0.6266666666666667,1.622340425531915,0.3,0.3,0.7
SPH+CPI,4,0.6866666666666666,1.8300970873786409,0.3,0.3,0.7
SPH+CPI,5,0.7266666666666667,2.0045871559633026,0.3,0.3,0.7
SPH+CPI,6,0.7533333333333333,2.146017699115044,0.3,0.3,0.7
SPH+CPI,7,0.7766666666666666,2.291845493562232,0.3,0.3,0.7
SPH+CPI,8,0.8033333333333333,2.481327800829876,0.3,0.3,0.7
SPH+CPI,9,0.8166666666666667,2.5877551020408163,0.3,0.3,0.7
SPH+CPI,10,0.8333333333333334,2.736,0.3,0.3,0.7
SPH+CPI,1,0.34,1.0,0.3,0.3,0.75
SPH+CPI,2,0.5266666666666666,1.3544303797468351,0.3,0.3,0.75
SPH+CPI,3,0.6233333333333333,1.609625668449198,0.3,0.3,0.75
SPH+CPI,4,0.69,1.8405797101449275,0.3,0.3,0.75
SPH+CPI,5,0.7266666666666667,2.0,0.3,0.3,0.75
SPH+CPI,6,0.7533333333333333,2.1415929203539825,0.3,0.3,0.75
SPH+CPI,7,0.7766666666666666,2.2875536480686693,0.3,0.3,0.75
SPH+CPI,8,0.7966666666666666,2.430962343096234,0.3,0.3,0.75
SPH+CPI,9,0.8066666666666666,2.512396694214876,0.3,0.3,0.75
SPH+CPI,10,0.83,2.7228915662650603,0.3,0.3,0.75
SPH+CPI,1,0.3233333333333333,1.0,0.3,0.3,0.8
SPH+CPI,2,0.5133333333333333,1.37012987012987,0.3,0.3,0.8
SPH+CPI,3,0.6166666666666667,1.6432432432432431,0.3,0.3,0.8
SPH+CPI,4,0.6833333333333333,1.8731707317073167,0.3,0.3,0.8
SPH+CPI,5,0.72,2.0324074074074074,0.3,0.3,0.8
SPH+CPI,6,0.75,2.1911111111111112,0.3,0.3,0.8
SPH+CPI,7,0.7766666666666666,2.356223175965665,0.3,0.3,0.8
SPH+CPI,8,0.7966666666666666,2.497907949790795,0.3,0.3,0.8
SPH+CPI,9,0.81,2.6049382716049383,0.3,0.3,0.8
SPH+CPI,10,0.8233333333333334,2.724696356275304,0.3,0.3,0.8
SPH+CPI,1,0.3233333333333333,1.0,0.3,0.3,0.85
SPH+CPI,2,0.51,1.3660130718954249,0.3,0.3,0.85
SPH+CPI,3,0.6133333333333333,1.641304347826087,0.3,0.3,0.85
SPH+CPI,4,0.6766666666666666,1.862068965517241,0.3,0.3,0.85
SPH+CPI,5,0.71,2.0093896713615025,0.3,0.3,0.85
SPH+CPI,6,0.75,2.2222222222222223,0.3,0.3,0.85
SPH+CPI,7,0.7766666666666666,2.3862660944206007,0.3,0.3,0.85
SPH+CPI,8,0.7933333333333333,2.504201680672269,0.3,0.3,0.85
SPH+CPI,9,0.8066666666666666,2.6115702479338845,0.3,0.3,0.85
SPH+CPI,10,0.82,2.731707317073171,0.3,0.3,0.85
SPH+CPI,1,0.3666666666666666,1.0,0.3,0.3,0.9
SPH+CPI,2,0.53,1.3081761006289307,0.3,0.3,0.9
SPH+CPI,3,0.6133333333333333,1.5380434782608696,0.3,0.3,0.9
SPH+CPI,4,0.6766666666666666,1.7684729064039408,0.3,0.3,0.9
SPH+CPI,5,0.72,1.962962962962963,0.3,0.3,0.9
SPH+CPI,6,0.7533333333333333,2.1415929203539825,0.3,0.3,0.9
SPH+CPI,7,0.7766666666666666,2.2875536480686693,0.3,0.3,0.9
SPH+CPI,8,0.8,2.4541666666666666,0.3,0.3,0.9
SPH+CPI,9,0.8133333333333334,2.5614754098360657,0.3,0.3,0.9
SPH+CPI,10,0.82,2.6219512195121952,0.3,0.3,0.9
SPH+CPI,1,0.35,1.0,0.3,0.35,0.7
SPH+CPI,2,0.5233333333333333,1.3312101910828025,0.3,0.35,0.7
SPH+CPI,3,0.6266666666666667,1.6063829787234043,0.3,0.35,0.7
SPH+CPI,4,0.6866666666666666,1.8155339805825244,0.3,0.35,0.7
SPH+CPI,5,0.7233333333333334,1.976958525345622,0.3,0.35,0.7
SPH+CPI,6,0.7533333333333333,2.1371681415929205,0.3,0.35,0.7
SPH+CPI,7,0.7766666666666666,2.2832618025751072,0.3,0.35,0.7
SPH+CPI,8,0.8033333333333333,2.4730290456431536,0.3,0.35,0.7
SPH+CPI,9,0.8166666666666667,2.5795918367346937,0.3,0.35,0.7
SPH+CPI,10,0.8333333333333334,2.728,0.3,0.35,0.7
SPH+CPI,1,0.35,1.0,0.3,0.35,0.75
SPH+CPI,2,0.5266666666666666,1.3354430379746836,0.3,0.35,0.75
SPH+CPI,3,0.6233333333333333,1.5935828877005347,0.3,0.35,0.75
SPH+CPI,4,0.69,1.826086956521739,0.3,0.35,0.75
SPH+CPI,5,0.7233333333333334,1.9723502304147464,0.3,0.35,0.75
SPH+CPI,6,0.7533333333333333,2.1327433628318584,0.3,0.35,0.75
SPH+CPI,7,0.7766666666666666,2.278969957081545,0.3,0.35,0.75
SPH+CPI,8,0.7966666666666666,2.422594142259414,0.3,0.35,0.75
SPH+CPI,9,0.8066666666666666,2.5041322314049586,0.3,0.35,0.75
SPH+CPI,10,0.83,2.714859437751004,0.3,0.35,0.75
SPH+CPI,1,0.3366666666666666,1.0,0.3,0.35,0.8
SPH+CPI,2,0.5166666666666667,1.3483870967741935,0.3,0.35,0.8
SPH+CPI,3,0.6166666666666667,1.616216216216216,0.3,0.35,0.8
SPH+CPI,4,0.6833333333333333,1.848780487804878,0.3,0.35,0.8
SPH+CPI,5,0.7166666666666667,1.9953488372093025,0.3,0.35,0.8
SPH+CPI,6,0.75,2.1733333333333333,0.3,0.35,0.8
SPH+CPI,7,0.7766666666666666,2.3390557939914163,0.3,0.35,0.8
SPH+CPI,8,0.7966666666666666,2.481171548117155,0.3,0.35,0.8
SPH+CPI,9,0.81,2.588477366255144,0.3,0.35,0.8
SPH+CPI,10,0.8233333333333334,2.708502024291498,0.3,0.35,0.8
SPH+CPI,1,0.3366666666666666,1.0,0.3,0.35,0.85
SPH+CPI,2,0.5133333333333333,1.344155844155844,0.3,0.35,0.85
SPH+CPI,3,0.6133333333333333,1.6141304347826086,0.3,0.35,0.85
SPH+CPI,4,0.6766666666666666,1.8374384236453205,0.3,0.35,0.85
SPH+CPI,5,0.7066666666666667,1.971698113207547,0.3,0.35,0.85
SPH+CPI,6,0.75,2.2044444444444444,0.3,0.35,0.85
SPH+CPI,7,0.7766666666666666,2.369098712446352,0.3,0.35,0.85
SPH+CPI,8,0.7933333333333333,2.4873949579831933,0.3,0.35,0.85
SPH+CPI,9,0.8066666666666666,2.5950413223140494,0.3,0.35,0.85
SPH+CPI,10,0.82,2.7154471544715446,0.3,0.35,0.85
SPH+CPI,1,0.38,1.0,0.3,0.35,0.9
SPH+CPI,2,0.53,1.2830188679245282,0.3,0.35,0.9
SPH+CPI,3,0.61,1.5081967213114753,0.3,0.35,0.9
SPH+CPI,4,0.6766666666666666,1.7536945812807885,0.3,0.35,0.9
SPH+CPI,5,0.7166666666666667,1.9348837209302323,0.3,0.35,0.9
SPH+CPI,6,0.7533333333333333,2.1327433628318584,0.3,0.35,0.9
SPH+CPI,7,0.7766666666666666,2.278969957081545,0.3,0.35,0.9
SPH+CPI,8,0.8,2.4458333333333333,0.3,0.35,0.9
SPH+CPI,9,0.8133333333333334,2.55327868852459,0.3,0.35,0.9
SPH+CPI,10,0.82,2.613821138211382,0.3,0.35,0.9
SPH+CPI,1,0.3533333333333333,1.0,0.3,0.4,0.7
SPH+CPI,2,0.53,1.3333333333333333,0.3,0.4,0.7
SPH+CPI,3,0.63,1.597883597883598,0.3,0.4,0.7
SPH+CPI,4,0.6966666666666667,1.8277511961722488,0.3,0.4,0.7
SPH+CPI,5,0.7333333333333333,1.9863636363636363,0.3,0.4,0.7
SPH+CPI,6,0.7633333333333333,2.1441048034934496,0.3,0.4,0.7
SPH+CPI,7,0.7833333333333333,2.2680851063829786,0.3,0.4,0.7
SPH+CPI,8,0.8033333333333333,2.4107883817427385,0.3,0.4,0.7
SPH+CPI,9,0.8133333333333334,2.4918032786885247,0.3,0.4,0.7
SPH+CPI,10,0.83,2.642570281124498,0.3,0.4,0.7
SPH+CPI,1,0.3533333333333333,1.0,0.3,0.4,0.75
SPH+CPI,2,0.53,1.3333333333333333,0.3,0.4,0.75
SPH+CPI,3,0.63,1.597883597883598,0.3,0.4,0.75
SPH+CPI,4,0.6966666666666667,1.8277511961722488,0.3,0.4,0.75
SPH+CPI,5,0.73,1.9726027397260275,0.3,0.4,0.75
SPH+CPI,6,0.76,2.131578947368421,0.3,0.4,0.75
SPH+CPI,7,0.78,2.2564102564102564,0.3,0.4,0.75
SPH+CPI,8,0.8,2.4,0.3,0.4,0.75
SPH+CPI,9,0.81,2.4814814814814814,0.3,0.4,0.75
SPH+CPI,10,0.83,2.6626506024096384,0.3,0.4,0.75
SPH+CPI,1,0.34,1.0,0.3,0.4,0.8
SPH+CPI,2,0.52,1.3461538461538465,0.3,0.4,0.8
SPH+CPI,3,0.6233333333333333,1.6203208556149733,0.3,0.4,0.8
SPH+CPI,4,0.69,1.85024154589372,0.3,0.4,0.8
SPH+CPI,5,0.7233333333333334,1.9953917050691243,0.3,0.4,0.8
SPH+CPI,6,0.7566666666666667,2.171806167400881,0.3,0.4,0.8
SPH+CPI,7,0.78,2.3162393162393164,0.3,0.4,0.8
SPH+CPI,8,0.8,2.458333333333333,0.3,0.4,0.8
SPH+CPI,9,0.8133333333333334,2.565573770491804,0.3,0.4,0.8
SPH+CPI,10,0.8233333333333334,2.6558704453441297,0.3,0.4,0.8
SPH+CPI,1,0.34,1.0,0.3,0.4,0.85
SPH+CPI,2,0.52,1.3461538461538465,0.3,0.4,0.85
SPH+CPI,3,0.6233333333333333,1.6203208556149733,0.3,0.4,0.85
SPH+CPI,4,0.69,1.85024154589372,0.3,0.4,0.85
SPH+CPI,5,0.7233333333333334,1.9953917050691243,0.3,0.4,0.85
SPH+CPI,6,0.7566666666666667,2.171806167400881,0.3,0.4,0.85
SPH+CPI,7,0.78,2.3162393162393164,0.3,0.4,0.85
SPH+CPI,8,0.7966666666666666,2.435146443514644,0.3,0.4,0.85
SPH+CPI,9,0.81,2.54320987654321,0.3,0.4,0.85
SPH+CPI,10,0.82,2.6341463414634148,0.3,0.4,0.85
SPH+CPI,1,0.3833333333333333,1.0,0.3,0.4,0.9
SPH+CPI,2,0.5366666666666666,1.2857142857142858,0.3,0.4,0.9
SPH+CPI,3,0.62,1.5161290322580645,0.3,0.4,0.9
SPH+CPI,4,0.6833333333333333,1.746341463414634,0.3,0.4,0.9
SPH+CPI,5,0.7233333333333334,1.9262672811059909,0.3,0.4,0.9
SPH+CPI,6,0.7533333333333333,2.088495575221239,0.3,0.4,0.9
SPH+CPI,7,0.7766666666666666,2.236051502145923,0.3,0.4,0.9
SPH+CPI,8,0.8,2.404166666666667,0.3,0.4,0.9
SPH+CPI,9,0.8133333333333334,2.512295081967213,0.3,0.4,0.9
SPH+CPI,10,0.82,2.573170731707317,0.3,0.4,0.9
SPH+CPI,1,0.34,1.0,0.35,0.2,0.7
SPH+CPI,2,0.5466666666666666,1.3780487804878048,0.35,0.2,0.7
SPH+CPI,3,0.6433333333333333,1.621761658031088,0.35,0.2,0.7
SPH+CPI,4,0.71,1.845070422535212,0.35,0.2,0.7
SPH+CPI,5,0.7566666666666667,2.039647577092511,0.35,0.2,0.7
SPH+CPI,6,0.7766666666666666,2.1416309012875536,0.35,0.2,0.7
SPH+CPI,7,0.7933333333333333,2.2436974789915967,0.35,0.2,0.7
SPH+CPI,8,0.8233333333333334,2.4534412955465585,0.35,0.2,0.7
SPH+CPI,9,0.8333333333333334,2.532,0.35,0.2,0.7
SPH+CPI,10,0.8466666666666667,2.6496062992125986,0.35,0.2,0.7
SPH+CPI,1,0.3333333333333333,1.0,0.35,0.2,0.75
SPH+CPI,2,0.5466666666666666,1.3902439024390243,0.35,0.2,0.75
SPH+CPI,3,0.64,1.625,0.35,0.2,0.75
SPH+CPI,4,0.71,1.8591549295774648,0.35,0.2,0.75
SPH+CPI,5,0.75,2.026666666666667,0.35,0.2,0.75
SPH+CPI,6,0.77,2.1298701298701297,0.35,0.2,0.75
SPH+CPI,7,0.7866666666666666,2.233050847457627,0.35,0.2,0.75
SPH+CPI,8,0.8133333333333334,2.422131147540984,0.35,0.2,0.75
SPH+CPI,9,0.8233333333333334,2.502024291497976,0.35,0.2,0.75
SPH+CPI,10,0.8433333333333334,2.6798418972332017,0.35,0.2,0.75
SPH+CPI,1,0.3166666666666666,1.0,0.35,0.2,0.8
SPH+CPI,2,0.5266666666666666,1.3987341772151898,0.35,0.2,0.8
SPH+CPI,3,0.63,1.6613756613756614,0.35,0.2,0.8
SPH+CPI,4,0.7033333333333334,1.90521327014218,0.35,0.2,0.8
SPH+CPI,5,0.74,2.058558558558558,0.35,0.2,0.8
SPH+CPI,6,0.7666666666666667,2.1956521739130435,0.35,0.2,0.8
SPH+CPI,7,0.7866666666666666,2.317796610169492,0.35,0.2,0.8
SPH+CPI,8,0.8133333333333334,2.5040983606557377,0.35,0.2,0.8
SPH+CPI,9,0.8266666666666667,2.6088709677419355,0.35,0.2,0.8
SPH+CPI,10,0.8366666666666667,2.697211155378486,0.35,0.2,0.8
SPH+CPI,1,0.3166666666666666,1.0,0.35,0.2,0.85
SPH+CPI,2,0.5266666666666666,1.3987341772151898,0.35,0.2,0.85
SPH+CPI,3,0.63,1.6613756613756614,0.35,0.2,0.85
SPH+CPI,4,0.7033333333333334,1.90521327014218,0.35,0.2,0.85
SPH+CPI,5,0.74,2.058558558558558,0.35,0.2,0.85
SPH+CPI,6,0.7666666666666667,2.1956521739130435,0.35,0.2,0.85
SPH+CPI,7,0.7866666666666666,2.317796610169492,0.35,0.2,0.85
SPH+CPI,8,0.81,2.4814814814814814,0.35,0.2,0.85
SPH+CPI,9,0.8233333333333334,2.587044534412956,0.35,0.2,0.85
SPH+CPI,10,0.8333333333333334,2.676,0.35,0.2,0.85
SPH+CPI,1,0.36,1.0,0.35,0.2,0.9
SPH+CPI,2,0.5466666666666666,1.3414634146341464,0.35,0.2,0.9
SPH+CPI,3,0.6333333333333333,1.568421052631579,0.35,0.2,0.9
SPH+CPI,4,0.7033333333333334,1.81042654028436,0.35,0.2,0.9
SPH+CPI,5,0.7433333333333333,1.9820627802690585,0.35,0.2,0.9
SPH+CPI,6,0.7633333333333333,2.087336244541485,0.35,0.2,0.9
SPH+CPI,7,0.7833333333333333,2.2127659574468086,0.35,0.2,0.9
SPH+CPI,8,0.8166666666666667,2.4489795918367347,0.35,0.2,0.9
SPH+CPI,9,0.83,2.55421686746988,0.35,0.2,0.9
SPH+CPI,10,0.8333333333333334,2.584,0.35,0.2,0.9
SPH+CPI,1,0.3433333333333333,1.0,0.35,0.25,0.7
SPH+CPI,2,0.5433333333333333,1.3680981595092023,0.35,0.25,0.7
SPH+CPI,3,0.6433333333333333,1.621761658031088,0.35,0.25,0.7
SPH+CPI,4,0.71,1.845070422535212,0.35,0.25,0.7
SPH+CPI,5,0.7466666666666667,2.0,0.35,0.25,0.7
SPH+CPI,6,0.7733333333333333,2.1379310344827585,0.35,0.25,0.7
SPH+CPI,7,0.7933333333333333,2.260504201680672,0.35,0.25,0.7
SPH+CPI,8,0.82,2.4471544715447155,0.35,0.25,0.7
SPH+CPI,9,0.83,2.5261044176706826,0.35,0.25,0.7
SPH+CPI,10,0.8466666666666667,2.673228346456693,0.35,0.25,0.7
SPH+CPI,1,0.3366666666666666,1.0,0.35,0.25,0.75
SPH+CPI,2,0.5433333333333333,1.3803680981595092,0.35,0.25,0.75
SPH+CPI,3,0.64,1.625,0.35,0.25,0.75
SPH+CPI,4,0.71,1.8591549295774648,0.35,0.25,0.75
SPH+CPI,5,0.74,1.9864864864864864,0.35,0.25,0.75
SPH+CPI,6,0.7666666666666667,2.126086956521739,0.35,0.25,0.75
SPH+CPI,7,0.7866666666666666,2.25,0.35,0.25,0.75
SPH+CPI,8,0.81,2.4156378600823047,0.35,0.25,0.75
SPH+CPI,9,0.82,2.4959349593495936,0.35,0.25,0.75
SPH+CPI,10,0.8433333333333334,2.7035573122529644,0.35,0.25,0.75
SPH+CPI,1,0.32,1.0,0.35,0.25,0.8
SPH+CPI,2,0.53,1.3962264150943395,0.35,0.25,0.8
SPH+CPI,3,0.6333333333333333,1.6578947368421053,0.35,0.25,0.8
SPH+CPI,4,0.7033333333333334,1.8909952606635072,0.35,0.25,0.8
SPH+CPI,5,0.7333333333333333,2.018181818181818,0.35,0.25,0.8
SPH+CPI,6,0.7633333333333333,2.1746724890829694,0.35,0.25,0.8
SPH+CPI,7,0.7866666666666666,2.317796610169492,0.35,0.25,0.8
SPH+CPI,8,0.81,2.4814814814814814,0.35,0.25,0.8
SPH+CPI,9,0.8233333333333334,2.587044534412956,0.35,0.25,0.8
SPH+CPI,10,0.8366666666666667,2.7051792828685257,0.35,0.25,0.8
SPH+CPI,1,0.32,1.0,0.35,0.25,0.85
SPH+CPI,2,0.53,1.3962264150943395,0.35,0.25,0.85
SPH+CPI,3,0.6333333333333333,1.6578947368421053,0.35,0.25,0.85
SPH+CPI,4,0.7033333333333334,1.8909952606635072,0.35,0.25,0.85
SPH+CPI,5,0.7333333333333333,2.018181818181818,0.35,0.25,0.85
SPH+CPI,6,0.7633333333333333,2.1746724890829694,0.35,0.25,0.85
SPH+CPI,7,0.7866666666666666,2.317796610169492,0.35,0.25,0.85
SPH+CPI,8,0.8066666666666666,2.458677685950413,0.35,0.25,0.85
SPH+CPI,9,0.82,2.565040650406504,0.35,0.25,0.85
SPH+CPI,10,0.8333333333333334,2.684,0.35,0.25,0.85
SPH+CPI,1,0.3633333333333333,1.0,0.35,0.25,0.9
SPH+CPI,2,0.55,1.3393939393939394,0.35,0.25,0.9
SPH+CPI,3,0.6333333333333333,1.5578947368421052,0.35,0.25,0.9
SPH+CPI,4,0.7,1.7904761904761906,0.35,0.25,0.9
SPH+CPI,5,0.7366666666666667,1.950226244343892,0.35,0.25,0.9
SPH+CPI,6,0.7633333333333333,2.091703056768559,0.35,0.25,0.9
SPH+CPI,7,0.7866666666666666,2.23728813559322,0.35,0.25,0.9
SPH+CPI,8,0.8133333333333334,2.4262295081967213,0.35,0.25,0.9
SPH+CPI,9,0.8266666666666667,2.532258064516129,0.35,0.25,0.9
SPH+CPI,10,0.8333333333333334,2.592,0.35,0.25,0.9
SPH+CPI,1,0.3566666666666667,1.0,0.35,0.3,0.7
SPH+CPI,2,0.55,1.3515151515151516,0.35,0.3,0.7
SPH+CPI,3,0.65,1.6051282051282052,0.35,0.3,0.7
SPH+CPI,4,0.7133333333333334,1.8177570093457944,0.35,0.3,0.7
SPH+CPI,5,0.7466666666666667,1.9598214285714288,0.35,0.3,0.7
SPH+CPI,6,0.7733333333333333,2.0991379310344827,0.35,0.3,0.7
SPH+CPI,7,0.7933333333333333,2.222689075630252,0.35,0.3,0.7
SPH+CPI,8,0.82,2.410569105691057,0.35,0.3,0.7
SPH+CPI,9,0.83,2.4899598393574296,0.35,0.3,0.7
SPH+CPI,10,0.8466666666666667,2.6377952755905514,0.35,0.3,0.7
SPH+CPI,1,0.3566666666666667,1.0,0.35,0.3,0.75
SPH+CPI,2,0.55,1.3515151515151516,0.35,0.3,0.75
SPH+CPI,3,0.6466666666666666,1.597938144329897,0.35,0.3,0.75
SPH+CPI,4,0.71,1.812206572769953,0.35,0.3,0.75
SPH+CPI,5,0.74,1.9414414414414407,0.35,0.3,0.75
SPH+CPI,6,0.7666666666666667,2.082608695652174,0.35,0.3,0.75
SPH+CPI,7,0.7866666666666666,2.207627118644068,0.35,0.3,0.75
SPH+CPI,8,0.81,2.374485596707819,0.35,0.3,0.75
SPH+CPI,9,0.82,2.4552845528455283,0.35,0.3,0.75
SPH+CPI,10,0.8433333333333334,2.66403162055336,0.35,0.3,0.75
SPH+CPI,1,0.34,1.0,0.35,0.3,0.8
SPH+CPI,2,0.5366666666666666,1.3664596273291925,0.35,0.3,0.8
SPH+CPI,3,0.64,1.6302083333333333,0.35,0.3,0.8
SPH+CPI,4,0.7033333333333334,1.8436018957345968,0.35,0.3,0.8
SPH+CPI,5,0.7333333333333333,1.9727272727272729,0.35,0.3,0.8
SPH+CPI,6,0.7633333333333333,2.131004366812227,0.35,0.3,0.8
SPH+CPI,7,0.7866666666666666,2.27542372881356,0.35,0.3,0.8
SPH+CPI,8,0.81,2.440329218106996,0.35,0.3,0.8
SPH+CPI,9,0.8233333333333334,2.546558704453441,0.35,0.3,0.8
SPH+CPI,10,0.8366666666666667,2.6653386454183265,0.35,0.3,0.8
SPH+CPI,1,0.34,1.0,0.35,0.3,0.85
SPH+CPI,2,0.5366666666666666,1.3664596273291925,0.35,0.3,0.85
SPH+CPI,3,0.64,1.6302083333333333,0.35,0.3,0.85
SPH+CPI,4,0.7033333333333334,1.8436018957345968,0.35,0.3,0.85
SPH+CPI,5,0.7333333333333333,1.9727272727272729,0.35,0.3,0.85
SPH+CPI,6,0.7633333333333333,2.131004366812227,0.35,0.3,0.85
SPH+CPI,7,0.7866666666666666,2.27542372881356,0.35,0.3,0.85
SPH+CPI,8,0.8066666666666666,2.4173553719008263,0.35,0.3,0.85
SPH+CPI,9,0.82,2.524390243902439,0.35,0.3,0.85
SPH+CPI,10,0.8333333333333334,2.644,0.35,0.3,0.85
SPH+CPI,1,0.3833333333333333,1.0,0.35,0.3,0.9
SPH+CPI,2,0.5566666666666666,1.311377245508982,0.35,0.3,0.9
SPH+CPI,3,0.64,1.53125,0.35,0.3,0.9
SPH+CPI,4,0.7,1.7428571428571429,0.35,0.3,0.9
SPH+CPI,5,0.7366666666666667,1.9049773755656108,0.35,0.3,0.9
SPH+CPI,6,0.7633333333333333,2.0480349344978164,0.35,0.3,0.9
SPH+CPI,7,0.7866666666666666,2.194915254237288,0.35,0.3,0.9
SPH+CPI,8,0.8133333333333334,2.3852459016393444,0.35,0.3,0.9
SPH+CPI,9,0.8266666666666667,2.4919354838709675,0.35,0.3,0.9
SPH+CPI,10,0.8333333333333334,2.552,0.35,0.3,0.9
SPH+CPI,1,0.3666666666666666,1.0,0.35,0.35,0.7
SPH+CPI,2,0.55,1.3333333333333333,0.35,0.35,0.7
SPH+CPI,3,0.65,1.5897435897435896,0.35,0.35,0.7
SPH+CPI,4,0.7133333333333334,1.8037383177570088,0.35,0.35,0.7
SPH+CPI,5,0.7433333333333333,1.9327354260089689,0.35,0.35,0.7
SPH+CPI,6,0.7733333333333333,2.0905172413793105,0.35,0.35,0.7
SPH+CPI,7,0.7933333333333333,2.2142857142857144,0.35,0.35,0.7
SPH+CPI,8,0.82,2.402439024390244,0.35,0.35,0.7
SPH+CPI,9,0.83,2.4819277108433737,0.35,0.35,0.7
SPH+CPI,10,0.8466666666666667,2.62992125984252,0.35,0.35,0.7
SPH+CPI,1,0.3666666666666666,1.0,0.35,0.35,0.75
SPH+CPI,2,0.55,1.3333333333333333,0.35,0.35,0.75
SPH+CPI,3,0.6466666666666666,1.5824742268041236,0.35,0.35,0.75
SPH+CPI,4,0.71,1.7981220657276995,0.35,0.35,0.75
SPH+CPI,5,0.7366666666666667,1.914027149321267,0.35,0.35,0.75
SPH+CPI,6,0.7666666666666667,2.0739130434782607,0.35,0.35,0.75
SPH+CPI,7,0.7866666666666666,2.199152542372881,0.35,0.35,0.75
SPH+CPI,8,0.81,2.366255144032922,0.35,0.35,0.75
SPH+CPI,9,0.82,2.4471544715447155,0.35,0.35,0.75
SPH+CPI,10,0.8433333333333334,2.656126482213439,0.35,0.35,0.75
SPH+CPI,1,0.3533333333333333,1.0,0.35,0.35,0.8
SPH+CPI,2,0.54,1.345679012345679,0.35,0.35,0.8
SPH+CPI,3,0.64,1.6041666666666667,0.35,0.35,0.8
SPH+CPI,4,0.7033333333333334,1.819905213270142,0.35,0.35,0.8
SPH+CPI,5,0.73,1.9360730593607305,0.35,0.35,0.8
SPH+CPI,6,0.7633333333333333,2.11353711790393,0.35,0.35,0.8
SPH+CPI,7,0.7866666666666666,2.2584745762711864,0.35,0.35,0.8
SPH+CPI,8,0.81,2.4238683127572016,0.35,0.35,0.8
SPH+CPI,9,0.8233333333333334,2.530364372469636,0.35,0.35,0.8
SPH+CPI,10,0.8366666666666667,2.649402390438247,0.35,0.35,0.8
SPH+CPI,1,0.3533333333333333,1.0,0.35,0.35,0.85
SPH+CPI,2,0.54,1.345679012345679,0.35,0.35,0.85
SPH+CPI,3,0.64,1.6041666666666667,0.35,0.35,0.85
SPH+CPI,4,0.7033333333333334,1.819905213270142,0.35,0.35,0.85
SPH+CPI,5,0.73,1.9360730593607305,0.35,0.35,0.85
SPH+CPI,6,0.7633333333333333,2.11353711790393,0.35,0.35,0.85
SPH+CPI,7,0.7866666666666666,2.2584745762711864,0.35,0.35,0.85
SPH+CPI,8,0.8066666666666666,2.400826446280992,0.35,0.35,0.85
SPH+CPI,9,0.82,2.508130081300813,0.35,0.35,0.85
SPH+CPI,10,0.8333333333333334,2.628,0.35,0.35,0.85
SPH+CPI,1,0.3966666666666666,1.0,0.35,0.35,0.9
SPH+CPI,2,0.5566666666666666,1.2874251497005988,0.35,0.35,0.9
SPH+CPI,3,0.6366666666666667,1.5026178010471205,0.35,0.35,0.9
SPH+CPI,4,0.7,1.7285714285714286,0.35,0.35,0.9
SPH+CPI,5,0.7333333333333333,1.8772727272727272,0.35,0.35,0.9
SPH+CPI,6,0.7633333333333333,2.039301310043668,0.35,0.35,0.9
SPH+CPI,7,0.7866666666666666,2.1864406779661016,0.35,0.35,0.9
SPH+CPI,8,0.8133333333333334,2.377049180327869,0.35,0.35,0.9
SPH+CPI,9,0.8266666666666667,2.4838709677419355,0.35,0.35,0.9
SPH+CPI,10,0.8333333333333334,2.544,0.35,0.35,0.9
SPH+CPI,1,0.37,1.0,0.35,0.4,0.7
SPH+CPI,2,0.5533333333333333,1.3313253012048192,0.35,0.4,0.7
SPH+CPI,3,0.6466666666666666,1.5721649484536082,0.35,0.4,0.7
SPH+CPI,4,0.7133333333333334,1.7990654205607477,0.35,0.4,0.7
SPH+CPI,5,0.7433333333333333,1.9282511210762328,0.35,0.4,0.7
SPH+CPI,6,0.7733333333333333,2.086206896551724,0.35,0.4,0.7
SPH+CPI,7,0.7933333333333333,2.210084033613445,0.35,0.4,0.7
SPH+CPI,8,0.8166666666666667,2.3755102040816327,0.35,0.4,0.7
SPH+CPI,9,0.8266666666666667,2.4556451612903225,0.35,0.4,0.7
SPH+CPI,10,0.8433333333333334,2.6047430830039526,0.35,0.4,0.7
SPH+CPI,1,0.37,1.0,0.35,0.4,0.75
SPH+CPI,2,0.5533333333333333,1.3313253012048192,0.35,0.4,0.75
SPH+CPI,3,0.6466666666666666,1.5721649484536082,0.35,0.4,0.75
SPH+CPI,4,0.7133333333333334,1.7990654205607477,0.35,0.4,0.75
SPH+CPI,5,0.74,1.9144144144144144,0.35,0.4,0.75
SPH+CPI,6,0.77,2.0735930735930737,0.35,0.4,0.75
SPH+CPI,7,0.79,2.19831223628692,0.35,0.4,0.75
SPH+CPI,8,0.8133333333333334,2.364754098360656,0.35,0.4,0.75
SPH+CPI,9,0.8233333333333334,2.445344129554656,0.35,0.4,0.75
SPH+CPI,10,0.8433333333333334,2.624505928853755,0.35,0.4,0.75
SPH+CPI,1,0.3566666666666667,1.0,0.35,0.4,0.8
SPH+CPI,2,0.5433333333333333,1.343558282208589,0.35,0.4,0.8
SPH+CPI,3,0.64,1.59375,0.35,0.4,0.8
SPH+CPI,4,0.7066666666666667,1.820754716981132,0.35,0.4,0.8
SPH+CPI,5,0.7333333333333333,1.9363636363636365,0.35,0.4,0.8
SPH+CPI,6,0.7666666666666667,2.1130434782608694,0.35,0.4,0.8
SPH+CPI,7,0.79,2.257383966244726,0.35,0.4,0.8
SPH+CPI,8,0.8133333333333334,2.422131147540984,0.35,0.4,0.8
SPH+CPI,9,0.8266666666666667,2.528225806451613,0.35,0.4,0.8
SPH+CPI,10,0.8366666666666667,2.6175298804780875,0.35,0.4,0.8
SPH+CPI,1,0.3566666666666667,1.0,0.35,0.4,0.85
SPH+CPI,2,0.5433333333333333,1.343558282208589,0.35,0.4,0.85
SPH+CPI,3,0.64,1.59375,0.35,0.4,0.85
SPH+CPI,4,0.7066666666666667,1.820754716981132,0.35,0.4,0.85
SPH+CPI,5,0.7333333333333333,1.9363636363636365,0.35,0.4,0.85
SPH+CPI,6,0.7666666666666667,2.1130434782608694,0.35,0.4,0.85
SPH+CPI,7,0.79,2.257383966244726,0.35,0.4,0.85
SPH+CPI,8,0.81,2.39917695473251,0.35,0.4,0.85
SPH+CPI,9,0.8233333333333334,2.506072874493927,0.35,0.4,0.85
SPH+CPI,10,0.8333333333333334,2.596,0.35,0.4,0.85
SPH+CPI,1,0.4,1.0,0.35,0.4,0.9
SPH+CPI,2,0.5766666666666667,1.2890173410404624,0.35,0.4,0.9
SPH+CPI,3,0.6466666666666667,1.4921465968586387,0.35,0.4,0.9
SPH+CPI,4,0.7266666666666667,1.701834862385321,0.35,0.4,0.9
SPH+CPI,5,0.7933333333333333,1.8602620087336244,0.35,0.4,0.9
SPH+CPI,6,0.8133333333333334,2.03056768558952,0.35,0.4,0.9
SPH+CPI,8,0.8333333333333334,2.264,0.35,0.4,0.9
SPH+CPI,8,0.8333333333333334,2.264,0.35,0.4,0.9
SPH+CPI,9,0.8466666666666667,2.37007874015748,0.35,0.4,0.9
SPH+CPI,10,0.8533333333333334,2.4296875,0.35,0.4,0.9
SPH+CPI,1,0.34,1.0,0.4,0.2,0.7
SPH+CPI,2,0.5466666666666666,1.3780487804878048,0.4,0.2,0.7
SPH+CPI,3,0.6433333333333333,1.621761658031088,0.4,0.2,0.7
SPH+CPI,4,0.71,1.845070422535212,0.4,0.2,0.7
SPH+CPI,5,0.7566666666666667,2.039647577092511,0.4,0.2,0.7
SPH+CPI,6,0.7766666666666666,2.1416309012875536,0.4,0.2,0.7
SPH+CPI,7,0.7933333333333333,2.2436974789915967,0.4,0.2,0.7
SPH+CPI,8,0.8233333333333334,2.4534412955465585,0.4,0.2,0.7
SPH+CPI,9,0.8333333333333334,2.532,0.4,0.2,0.7
SPH+CPI,10,0.8466666666666667,2.6496062992125986,0.4,0.2,0.7
SPH+CPI,1,0.3333333333333333,1.0,0.4,0.2,0.75
SPH+CPI,2,0.5466666666666666,1.3902439024390243,0.4,0.2,0.75
SPH+CPI,3,0.64,1.625,0.4,0.2,0.75
SPH+CPI,4,0.71,1.8591549295774648,0.4,0.2,0.75
SPH+CPI,5,0.75,2.026666666666667,0.4,0.2,0.75
SPH+CPI,6,0.77,2.1298701298701297,0.4,0.2,0.75
SPH+CPI,7,0.7866666666666666,2.233050847457627,0.4,0.2,0.75
SPH+CPI,8,0.8133333333333334,2.422131147540984,0.4,0.2,0.75
SPH+CPI,9,0.8233333333333334,2.502024291497976,0.4,0.2,0.75
SPH+CPI,10,0.8433333333333334,2.6798418972332017,0.4,0.2,0.75
SPH+CPI,1,0.3166666666666666,1.0,0.4,0.2,0.8
SPH+CPI,2,0.5266666666666666,1.3987341772151898,0.4,0.2,0.8
SPH+CPI,3,0.63,1.6613756613756614,0.4,0.2,0.8
SPH+CPI,4,0.7033333333333334,1.90521327014218,0.4,0.2,0.8
SPH+CPI,5,0.74,2.058558558558558,0.4,0.2,0.8
SPH+CPI,6,0.7666666666666667,2.1956521739130435,0.4,0.2,0.8
SPH+CPI,7,0.7866666666666666,2.317796610169492,0.4,0.2,0.8
SPH+CPI,8,0.8133333333333334,2.5040983606557377,0.4,0.2,0.8
SPH+CPI,9,0.8266666666666667,2.6088709677419355,0.4,0.2,0.8
SPH+CPI,10,0.8366666666666667,2.697211155378486,0.4,0.2,0.8
SPH+CPI,1,0.3166666666666666,1.0,0.4,0.2,0.85
SPH+CPI,2,0.5266666666666666,1.3987341772151898,0.4,0.2,0.85
SPH+CPI,3,0.63,1.6613756613756614,0.4,0.2,0.85
SPH+CPI,4,0.7033333333333334,1.90521327014218,0.4,0.2,0.85
SPH+CPI,5,0.74,2.058558558558558,0.4,0.2,0.85
SPH+CPI,6,0.7666666666666667,2.1956521739130435,0.4,0.2,0.85
SPH+CPI,7,0.7866666666666666,2.317796610169492,0.4,0.2,0.85
SPH+CPI,8,0.81,2.4814814814814814,0.4,0.2,0.85
SPH+CPI,9,0.8233333333333334,2.587044534412956,0.4,0.2,0.85
SPH+CPI,10,0.8333333333333334,2.676,0.4,0.2,0.85
SPH+CPI,1,0.36,1.0,0.4,0.2,0.9
SPH+CPI,2,0.5466666666666666,1.3414634146341464,0.4,0.2,0.9
SPH+CPI,3,0.6333333333333333,1.568421052631579,0.4,0.2,0.9
SPH+CPI,4,0.7033333333333334,1.81042654028436,0.4,0.2,0.9
SPH+CPI,5,0.7433333333333333,1.9820627802690585,0.4,0.2,0.9
SPH+CPI,6,0.7633333333333333,2.087336244541485,0.4,0.2,0.9
SPH+CPI,7,0.7833333333333333,2.2127659574468086,0.4,0.2,0.9
SPH+CPI,8,0.8166666666666667,2.4489795918367347,0.4,0.2,0.9
SPH+CPI,9,0.83,2.55421686746988,0.4,0.2,0.9
SPH+CPI,10,0.8333333333333334,2.584,0.4,0.2,0.9
SPH+CPI,1,0.3433333333333333,1.0,0.4,0.25,0.7
SPH+CPI,2,0.5433333333333333,1.3680981595092023,0.4,0.25,0.7
SPH+CPI,3,0.6433333333333333,1.621761658031088,0.4,0.25,0.7
SPH+CPI,4,0.71,1.845070422535212,0.4,0.25,0.7
SPH+CPI,5,0.7466666666666667,2.0,0.4,0.25,0.7
SPH+CPI,6,0.7733333333333333,2.1379310344827585,0.4,0.25,0.7
SPH+CPI,7,0.7933333333333333,2.260504201680672,0.4,0.25,0.7
SPH+CPI,8,0.82,2.4471544715447155,0.4,0.25,0.7
SPH+CPI,9,0.83,2.5261044176706826,0.4,0.25,0.7
SPH+CPI,10,0.8466666666666667,2.673228346456693,0.4,0.25,0.7
SPH+CPI,1,0.3366666666666666,1.0,0.4,0.25,0.75
SPH+CPI,2,0.5433333333333333,1.3803680981595092,0.4,0.25,0.75
SPH+CPI,3,0.64,1.625,0.4,0.25,0.75
SPH+CPI,4,0.71,1.8591549295774648,0.4,0.25,0.75
SPH+CPI,5,0.74,1.9864864864864864,0.4,0.25,0.75
SPH+CPI,6,0.7666666666666667,2.126086956521739,0.4,0.25,0.75
SPH+CPI,7,0.7866666666666666,2.25,0.4,0.25,0.75
SPH+CPI,8,0.81,2.4156378600823047,0.4,0.25,0.75
SPH+CPI,9,0.82,2.4959349593495936,0.4,0.25,0.75
SPH+CPI,10,0.8433333333333334,2.7035573122529644,0.4,0.25,0.75
SPH+CPI,1,0.32,1.0,0.4,0.25,0.8
SPH+CPI,2,0.53,1.3962264150943395,0.4,0.25,0.8
SPH+CPI,3,0.6333333333333333,1.6578947368421053,0.4,0.25,0.8
SPH+CPI,4,0.7033333333333334,1.8909952606635072,0.4,0.25,0.8
SPH+CPI,5,0.7333333333333333,2.018181818181818,0.4,0.25,0.8
SPH+CPI,6,0.7633333333333333,2.1746724890829694,0.4,0.25,0.8
SPH+CPI,7,0.7866666666666666,2.317796610169492,0.4,0.25,0.8
SPH+CPI,8,0.81,2.4814814814814814,0.4,0.25,0.8
SPH+CPI,9,0.8233333333333334,2.587044534412956,0.4,0.25,0.8
SPH+CPI,10,0.8366666666666667,2.7051792828685257,0.4,0.25,0.8
SPH+CPI,1,0.32,1.0,0.4,0.25,0.85
SPH+CPI,2,0.53,1.3962264150943395,0.4,0.25,0.85
SPH+CPI,3,0.6333333333333333,1.6578947368421053,0.4,0.25,0.85
SPH+CPI,4,0.7033333333333334,1.8909952606635072,0.4,0.25,0.85
SPH+CPI,5,0.7333333333333333,2.018181818181818,0.4,0.25,0.85
SPH+CPI,6,0.7633333333333333,2.1746724890829694,0.4,0.25,0.85
SPH+CPI,7,0.7866666666666666,2.317796610169492,0.4,0.25,0.85
SPH+CPI,8,0.8066666666666666,2.458677685950413,0.4,0.25,0.85
SPH+CPI,9,0.82,2.565040650406504,0.4,0.25,0.85
SPH+CPI,10,0.8333333333333334,2.684,0.4,0.25,0.85
SPH+CPI,1,0.3633333333333333,1.0,0.4,0.25,0.9
SPH+CPI,2,0.55,1.3393939393939394,0.4,0.25,0.9
SPH+CPI,3,0.6333333333333333,1.5578947368421052,0.4,0.25,0.9
SPH+CPI,4,0.7,1.7904761904761906,0.4,0.25,0.9
SPH+CPI,5,0.7366666666666667,1.950226244343892,0.4,0.25,0.9
SPH+CPI,6,0.7633333333333333,2.091703056768559,0.4,0.25,0.9
SPH+CPI,7,0.7866666666666666,2.23728813559322,0.4,0.25,0.9
SPH+CPI,8,0.8133333333333334,2.4262295081967213,0.4,0.25,0.9
SPH+CPI,9,0.8266666666666667,2.532258064516129,0.4,0.25,0.9
SPH+CPI,10,0.8333333333333334,2.592,0.4,0.25,0.9
SPH+CPI,1,0.3566666666666667,1.0,0.4,0.3,0.7
SPH+CPI,2,0.55,1.3515151515151516,0.4,0.3,0.7
SPH+CPI,3,0.65,1.6051282051282052,0.4,0.3,0.7
SPH+CPI,4,0.7133333333333334,1.8177570093457944,0.4,0.3,0.7
SPH+CPI,5,0.7466666666666667,1.9598214285714288,0.4,0.3,0.7
SPH+CPI,6,0.7733333333333333,2.0991379310344827,0.4,0.3,0.7
SPH+CPI,7,0.7933333333333333,2.222689075630252,0.4,0.3,0.7
SPH+CPI,8,0.82,2.410569105691057,0.4,0.3,0.7
SPH+CPI,9,0.83,2.4899598393574296,0.4,0.3,0.7
SPH+CPI,10,0.8466666666666667,2.6377952755905514,0.4,0.3,0.7
SPH+CPI,1,0.3566666666666667,1.0,0.4,0.3,0.75
SPH+CPI,2,0.55,1.3515151515151516,0.4,0.3,0.75
SPH+CPI,3,0.6466666666666666,1.597938144329897,0.4,0.3,0.75
SPH+CPI,4,0.71,1.812206572769953,0.4,0.3,0.75
SPH+CPI,5,0.74,1.9414414414414407,0.4,0.3,0.75
SPH+CPI,6,0.7666666666666667,2.082608695652174,0.4,0.3,0.75
SPH+CPI,7,0.7866666666666666,2.207627118644068,0.4,0.3,0.75
SPH+CPI,8,0.81,2.374485596707819,0.4,0.3,0.75
SPH+CPI,9,0.82,2.4552845528455283,0.4,0.3,0.75
SPH+CPI,10,0.8433333333333334,2.66403162055336,0.4,0.3,0.75
SPH+CPI,1,0.34,1.0,0.4,0.3,0.8
SPH+CPI,2,0.5366666666666666,1.3664596273291925,0.4,0.3,0.8
SPH+CPI,3,0.64,1.6302083333333333,0.4,0.3,0.8
SPH+CPI,4,0.7033333333333334,1.8436018957345968,0.4,0.3,0.8
SPH+CPI,5,0.7333333333333333,1.9727272727272729,0.4,0.3,0.8
SPH+CPI,6,0.7633333333333333,2.131004366812227,0.4,0.3,0.8
SPH+CPI,7,0.7866666666666666,2.27542372881356,0.4,0.3,0.8
SPH+CPI,8,0.81,2.440329218106996,0.4,0.3,0.8
SPH+CPI,9,0.8233333333333334,2.546558704453441,0.4,0.3,0.8
SPH+CPI,10,0.8366666666666667,2.6653386454183265,0.4,0.3,0.8
SPH+CPI,1,0.34,1.0,0.4,0.3,0.85
SPH+CPI,2,0.5366666666666666,1.3664596273291925,0.4,0.3,0.85
SPH+CPI,3,0.64,1.6302083333333333,0.4,0.3,0.85
SPH+CPI,4,0.7033333333333334,1.8436018957345968,0.4,0.3,0.85
SPH+CPI,5,0.7333333333333333,1.9727272727272729,0.4,0.3,0.85
SPH+CPI,6,0.7633333333333333,2.131004366812227,0.4,0.3,0.85
SPH+CPI,7,0.7866666666666666,2.27542372881356,0.4,0.3,0.85
SPH+CPI,8,0.8066666666666666,2.4173553719008263,0.4,0.3,0.85
SPH+CPI,9,0.82,2.524390243902439,0.4,0.3,0.85
SPH+CPI,10,0.8333333333333334,2.644,0.4,0.3,0.85
SPH+CPI,1,0.3833333333333333,1.0,0.4,0.3,0.9
SPH+CPI,2,0.5566666666666666,1.311377245508982,0.4,0.3,0.9
SPH+CPI,3,0.64,1.53125,0.4,0.3,0.9
SPH+CPI,4,0.7,1.7428571428571429,0.4,0.3,0.9
SPH+CPI,5,0.7366666666666667,1.9049773755656108,0.4,0.3,0.9
SPH+CPI,6,0.7633333333333333,2.0480349344978164,0.4,0.3,0.9
SPH+CPI,7,0.7866666666666666,2.194915254237288,0.4,0.3,0.9
SPH+CPI,8,0.8133333333333334,2.3852459016393444,0.4,0.3,0.9
SPH+CPI,9,0.8266666666666667,2.4919354838709675,0.4,0.3,0.9
SPH+CPI,10,0.8333333333333334,2.552,0.4,0.3,0.9
SPH+CPI,1,0.3666666666666666,1.0,0.4,0.35,0.7
SPH+CPI,2,0.55,1.3333333333333333,0.4,0.35,0.7
SPH+CPI,3,0.65,1.5897435897435896,0.4,0.35,0.7
SPH+CPI,4,0.7133333333333334,1.8037383177570088,0.4,0.35,0.7
SPH+CPI,5,0.7433333333333333,1.9327354260089689,0.4,0.35,0.7
SPH+CPI,6,0.7733333333333333,2.0905172413793105,0.4,0.35,0.7
SPH+CPI,7,0.7933333333333333,2.2142857142857144,0.4,0.35,0.7
SPH+CPI,8,0.82,2.402439024390244,0.4,0.35,0.7
SPH+CPI,9,0.83,2.4819277108433737,0.4,0.35,0.7
SPH+CPI,10,0.8466666666666667,2.62992125984252,0.4,0.35,0.7
SPH+CPI,1,0.3666666666666666,1.0,0.4,0.35,0.75
SPH+CPI,2,0.55,1.3333333333333333,0.4,0.35,0.75
SPH+CPI,3,0.6466666666666666,1.5824742268041236,0.4,0.35,0.75
SPH+CPI,4,0.71,1.7981220657276995,0.4,0.35,0.75
SPH+CPI,5,0.7366666666666667,1.914027149321267,0.4,0.35,0.75
SPH+CPI,6,0.7666666666666667,2.0739130434782607,0.4,0.35,0.75
SPH+CPI,7,0.7866666666666666,2.199152542372881,0.4,0.35,0.75
SPH+CPI,8,0.81,2.366255144032922,0.4,0.35,0.75
SPH+CPI,9,0.82,2.4471544715447155,0.4,0.35,0.75
SPH+CPI,10,0.8433333333333334,2.656126482213439,0.4,0.35,0.75
SPH+CPI,1,0.3533333333333333,1.0,0.4,0.35,0.8
SPH+CPI,2,0.54,1.345679012345679,0.4,0.35,0.8
SPH+CPI,3,0.64,1.6041666666666667,0.4,0.35,0.8
SPH+CPI,4,0.7033333333333334,1.819905213270142,0.4,0.35,0.8
SPH+CPI,5,0.73,1.9360730593607305,0.4,0.35,0.8
SPH+CPI,6,0.7633333333333333,2.11353711790393,0.4,0.35,0.8
SPH+CPI,7,0.7866666666666666,2.2584745762711864,0.4,0.35,0.8
SPH+CPI,8,0.81,2.4238683127572016,0.4,0.35,0.8
SPH+CPI,9,0.8233333333333334,2.530364372469636,0.4,0.35,0.8
SPH+CPI,10,0.8366666666666667,2.649402390438247,0.4,0.35,0.8
SPH+CPI,1,0.3533333333333333,1.0,0.4,0.35,0.85
SPH+CPI,2,0.54,1.345679012345679,0.4,0.35,0.85
SPH+CPI,3,0.64,1.6041666666666667,0.4,0.35,0.85
SPH+CPI,4,0.7033333333333334,1.819905213270142,0.4,0.35,0.85
SPH+CPI,5,0.73,1.9360730593607305,0.4,0.35,0.85
SPH+CPI,6,0.7633333333333333,2.11353711790393,0.4,0.35,0.85
SPH+CPI,7,0.7866666666666666,2.2584745762711864,0.4,0.35,0.85
SPH+CPI,8,0.8066666666666666,2.400826446280992,0.4,0.35,0.85
SPH+CPI,9,0.82,2.508130081300813,0.4,0.35,0.85
SPH+CPI,10,0.8333333333333334,2.628,0.4,0.35,0.85
SPH+CPI,1,0.3966666666666666,1.0,0.4,0.35,0.9
SPH+CPI,2,0.5566666666666666,1.2874251497005988,0.4,0.35,0.9
SPH+CPI,3,0.6366666666666667,1.5026178010471205,0.4,0.35,0.9
SPH+CPI,4,0.7,1.7285714285714286,0.4,0.35,0.9
SPH+CPI,5,0.7333333333333333,1.8772727272727272,0.4,0.35,0.9
SPH+CPI,6,0.7633333333333333,2.039301310043668,0.4,0.35,0.9
SPH+CPI,7,0.7866666666666666,2.1864406779661016,0.4,0.35,0.9
SPH+CPI,8,0.8133333333333334,2.377049180327869,0.4,0.35,0.9
SPH+CPI,9,0.8266666666666667,2.4838709677419355,0.4,0.35,0.9
SPH+CPI,10,0.8333333333333334,2.544,0.4,0.35,0.9
SPH+CPI,1,0.37,1.0,0.4,0.4,0.7
SPH+CPI,2,0.5533333333333333,1.3313253012048192,0.4,0.4,0.7
SPH+CPI,3,0.6466666666666666,1.5721649484536082,0.4,0.4,0.7
SPH+CPI,4,0.7133333333333334,1.7990654205607477,0.4,0.4,0.7
SPH+CPI,5,0.7433333333333333,1.9282511210762328,0.4,0.4,0.7
SPH+CPI,6,0.7733333333333333,2.086206896551724,0.4,0.4,0.7
SPH+CPI,7,0.7933333333333333,2.210084033613445,0.4,0.4,0.7
SPH+CPI,8,0.8166666666666667,2.3755102040816327,0.4,0.4,0.7
SPH+CPI,9,0.8266666666666667,2.4556451612903225,0.4,0.4,0.7
SPH+CPI,10,0.8433333333333334,2.6047430830039526,0.4,0.4,0.7
SPH+CPI,1,0.37,1.0,0.4,0.4,0.75
SPH+CPI,2,0.5533333333333333,1.3313253012048192,0.4,0.4,0.75
SPH+CPI,3,0.6466666666666666,1.5721649484536082,0.4,0.4,0.75
SPH+CPI,4,0.7133333333333334,1.7990654205607477,0.4,0.4,0.75
SPH+CPI,5,0.74,1.9144144144144144,0.4,0.4,0.75
SPH+CPI,6,0.77,2.0735930735930737,0.4,0.4,0.75
SPH+CPI,7,0.79,2.19831223628692,0.4,0.4,0.75
SPH+CPI,8,0.8133333333333334,2.364754098360656,0.4,0.4,0.75
SPH+CPI,9,0.8233333333333334,2.445344129554656,0.4,0.4,0.75
SPH+CPI,10,0.8433333333333334,2.624505928853755,0.4,0.4,0.75
SPH+CPI,1,0.3566666666666667,1.0,0.4,0.4,0.8
SPH+CPI,2,0.5433333333333333,1.343558282208589,0.4,0.4,0.8
SPH+CPI,3,0.64,1.59375,0.4,0.4,0.8
SPH+CPI,4,0.7066666666666667,1.820754716981132,0.4,0.4,0.8
SPH+CPI,5,0.7333333333333333,1.9363636363636365,0.4,0.4,0.8
SPH+CPI,6,0.7666666666666667,2.1130434782608694,0.4,0.4,0.8
SPH+CPI,7,0.79,2.257383966244726,0.4,0.4,0.8
SPH+CPI,8,0.8133333333333334,2.422131147540984,0.4,0.4,0.8
SPH+CPI,9,0.8266666666666667,2.528225806451613,0.4,0.4,0.8
SPH+CPI,10,0.8366666666666667,2.6175298804780875,0.4,0.4,0.8
SPH+CPI,1,0.3566666666666667,1.0,0.4,0.4,0.85
SPH+CPI,2,0.5433333333333333,1.343558282208589,0.4,0.4,0.85
SPH+CPI,3,0.64,1.59375,0.4,0.4,0.85
SPH+CPI,4,0.7066666666666667,1.820754716981132,0.4,0.4,0.85
SPH+CPI,5,0.7333333333333333,1.9363636363636365,0.4,0.4,0.85
SPH+CPI,6,0.7666666666666667,2.1130434782608694,0.4,0.4,0.85
SPH+CPI,7,0.79,2.257383966244726,0.4,0.4,0.85
SPH+CPI,8,0.81,2.39917695473251,0.4,0.4,0.85
SPH+CPI,9,0.8233333333333334,2.506072874493927,0.4,0.4,0.85
SPH+CPI,10,0.8333333333333334,2.596,0.4,0.4,0.85
SPH+CPI,1,0.4,1.0,0.4,0.4,0.9
SPH+CPI,2,0.56,1.2857142857142858,0.4,0.4,0.9
SPH+CPI,3,0.6366666666666667,1.4921465968586387,0.4,0.4,0.9
SPH+CPI,4,0.7,1.7190476190476192,0.4,0.4,0.9
SPH+CPI,5,0.7333333333333333,1.8681818181818184,0.4,0.4,0.9
SPH+CPI,6,0.7633333333333333,2.03056768558952,0.4,0.4,0.9
SPH+CPI,7,0.7866666666666666,2.1779661016949152,0.4,0.4,0.9
SPH+CPI,8,0.8133333333333334,2.3688524590163933,0.4,0.4,0.9
SPH+CPI,9,0.8266666666666667,2.475806451612903,0.4,0.4,0.9
SPH+CPI,10,0.8333333333333334,2.536,0.4,0.4,0.9
